!defaultpackage!.AutoRemover.AutoRemover(java.lang.String+java.lang.String);!defaultpackage!.DirPanel
!defaultpackage!.AutoRemover.AutoRemover(java.lang.String+java.lang.String);!defaultpackage!.DirPanel.path
!defaultpackage!.AutoRemover.AutoRemover(java.lang.String+java.lang.String);!defaultpackage!.FtpConnection.jcon
!defaultpackage!.AutoRemover.AutoRemover(java.lang.String+java.lang.String);!defaultpackage!.JConnection
!defaultpackage!.AutoRemover.AutoRemover(java.lang.String+java.lang.String);!defaultpackage!.JConnection.send(java.lang.String)
!defaultpackage!.AutoRemover.AutoRemover(java.lang.String+java.lang.String);!defaultpackage!.JFtp.localDir
!defaultpackage!.AutoRemover.AutoRemover(java.lang.String+java.lang.String);!defaultpackage!.JFtp.localUpdate()
!defaultpackage!.AutoRemover.AutoRemover(java.lang.String+java.lang.String);!defaultpackage!.JFtp.remoteDir
!defaultpackage!.AutoRemover.AutoRemover(java.lang.String+java.lang.String);!defaultpackage!.JFtp.remoteUpdate()
!defaultpackage!.AutoRemover.AutoRemover(java.lang.String+java.lang.String);!defaultpackage!.Resource.cleanLocalDir(java.lang.String+java.lang.String)
!defaultpackage!.AutoRemover.AutoRemover(java.lang.String+java.lang.String);!defaultpackage!.Resource.cleanRemoteDir(java.lang.String+java.lang.String)
!defaultpackage!.AutoRemover.AutoRemover(java.lang.String+java.lang.String);!defaultpackage!.Resource.getLine(java.lang.String)
!defaultpackage!.AutoRemover.AutoRemover(java.lang.String+java.lang.String);!defaultpackage!.Resource.remoteCmd(java.lang.String)
!defaultpackage!.Creator.Creator(java.lang.String+java.lang.String+DirPanel);!defaultpackage!.Creator.cancel
!defaultpackage!.Creator.Creator(java.lang.String+java.lang.String+DirPanel);!defaultpackage!.Creator.ok
!defaultpackage!.Creator.Creator(java.lang.String+java.lang.String+DirPanel);!defaultpackage!.Creator.okP
!defaultpackage!.Creator.Creator(java.lang.String+java.lang.String+DirPanel);!defaultpackage!.Creator.text
!defaultpackage!.Creator.Creator(java.lang.String+java.lang.String+DirPanel);!defaultpackage!.Creator.type
!defaultpackage!.Creator.Creator(java.lang.String+java.lang.String+DirPanel);!defaultpackage!.Creator.who
!defaultpackage!.Creator.Creator(java.lang.String+java.lang.String+DirPanel);!defaultpackage!.DirPanel
!defaultpackage!.Creator.Creator(java.lang.String+java.lang.String+DirPanel);!defaultpackage!.HButton
!defaultpackage!.Creator.Creator(java.lang.String+java.lang.String+DirPanel);!defaultpackage!.HButton.HButton(java.lang.String)
!defaultpackage!.Creator.Creator(java.lang.String+java.lang.String+DirPanel);!defaultpackage!.HFrame.HFrame()
!defaultpackage!.Creator.Creator(java.lang.String+java.lang.String+DirPanel);!defaultpackage!.HPanel
!defaultpackage!.Creator.Creator(java.lang.String+java.lang.String+DirPanel);!defaultpackage!.HPanel.HPanel()
!defaultpackage!.Creator.Creator(java.lang.String+java.lang.String+DirPanel);!defaultpackage!.HTextField
!defaultpackage!.Creator.Creator(java.lang.String+java.lang.String+DirPanel);!defaultpackage!.HTextField.HTextField(java.lang.String+java.lang.String)
!defaultpackage!.Creator.actionPerformed(java.awt.event.ActionEvent);!defaultpackage!.Creator.cancel
!defaultpackage!.Creator.actionPerformed(java.awt.event.ActionEvent);!defaultpackage!.Creator.ok
!defaultpackage!.Creator.actionPerformed(java.awt.event.ActionEvent);!defaultpackage!.Creator.text
!defaultpackage!.Creator.actionPerformed(java.awt.event.ActionEvent);!defaultpackage!.Creator.type
!defaultpackage!.Creator.actionPerformed(java.awt.event.ActionEvent);!defaultpackage!.Creator.who
!defaultpackage!.Creator.actionPerformed(java.awt.event.ActionEvent);!defaultpackage!.DirPanel
!defaultpackage!.Creator.actionPerformed(java.awt.event.ActionEvent);!defaultpackage!.DirPanel.path
!defaultpackage!.Creator.actionPerformed(java.awt.event.ActionEvent);!defaultpackage!.DirPanel.setPath(java.lang.String)
!defaultpackage!.Creator.actionPerformed(java.awt.event.ActionEvent);!defaultpackage!.DirPanel.setRemotePath(java.lang.String)
!defaultpackage!.Creator.actionPerformed(java.awt.event.ActionEvent);!defaultpackage!.FtpConnection.jcon
!defaultpackage!.Creator.actionPerformed(java.awt.event.ActionEvent);!defaultpackage!.HButton
!defaultpackage!.Creator.actionPerformed(java.awt.event.ActionEvent);!defaultpackage!.HTextField
!defaultpackage!.Creator.actionPerformed(java.awt.event.ActionEvent);!defaultpackage!.HTextField.getText()
!defaultpackage!.Creator.actionPerformed(java.awt.event.ActionEvent);!defaultpackage!.JConnection
!defaultpackage!.Creator.actionPerformed(java.awt.event.ActionEvent);!defaultpackage!.JConnection.send(java.lang.String)
!defaultpackage!.Creator.actionPerformed(java.awt.event.ActionEvent);!defaultpackage!.JFtp.debugWrite(java.lang.String)
!defaultpackage!.Creator.actionPerformed(java.awt.event.ActionEvent);!defaultpackage!.Resource.getLine(java.lang.String)
!defaultpackage!.Creator.cancel;!defaultpackage!.HButton
!defaultpackage!.Creator.ok;!defaultpackage!.HButton
!defaultpackage!.Creator.okP;!defaultpackage!.HPanel
!defaultpackage!.Creator.text;!defaultpackage!.HTextField
!defaultpackage!.Creator.who;!defaultpackage!.DirPanel
!defaultpackage!.DataConnection.DataConnection(int+java.lang.String+java.lang.String+java.lang.String+boolean+java.awt.event.ActionListener);!defaultpackage!.DataConnection.file
!defaultpackage!.DataConnection.DataConnection(int+java.lang.String+java.lang.String+java.lang.String+boolean+java.awt.event.ActionListener);!defaultpackage!.DataConnection.finished
!defaultpackage!.DataConnection.DataConnection(int+java.lang.String+java.lang.String+java.lang.String+boolean+java.awt.event.ActionListener);!defaultpackage!.DataConnection.host
!defaultpackage!.DataConnection.DataConnection(int+java.lang.String+java.lang.String+java.lang.String+boolean+java.awt.event.ActionListener);!defaultpackage!.DataConnection.isThere
!defaultpackage!.DataConnection.DataConnection(int+java.lang.String+java.lang.String+java.lang.String+boolean+java.awt.event.ActionListener);!defaultpackage!.DataConnection.listener
!defaultpackage!.DataConnection.DataConnection(int+java.lang.String+java.lang.String+java.lang.String+boolean+java.awt.event.ActionListener);!defaultpackage!.DataConnection.port
!defaultpackage!.DataConnection.DataConnection(int+java.lang.String+java.lang.String+java.lang.String+boolean+java.awt.event.ActionListener);!defaultpackage!.DataConnection.reciever
!defaultpackage!.DataConnection.DataConnection(int+java.lang.String+java.lang.String+java.lang.String+boolean+java.awt.event.ActionListener);!defaultpackage!.DataConnection.resume
!defaultpackage!.DataConnection.DataConnection(int+java.lang.String+java.lang.String+java.lang.String+boolean+java.awt.event.ActionListener);!defaultpackage!.DataConnection.sock
!defaultpackage!.DataConnection.DataConnection(int+java.lang.String+java.lang.String+java.lang.String+boolean+java.awt.event.ActionListener);!defaultpackage!.DataConnection.ssock
!defaultpackage!.DataConnection.DataConnection(int+java.lang.String+java.lang.String+java.lang.String+boolean+java.awt.event.ActionListener);!defaultpackage!.DataConnection.type
!defaultpackage!.DataConnection.DataConnection(int+java.lang.String+java.lang.String+java.lang.String+java.awt.event.ActionListener);!defaultpackage!.DataConnection.file
!defaultpackage!.DataConnection.DataConnection(int+java.lang.String+java.lang.String+java.lang.String+java.awt.event.ActionListener);!defaultpackage!.DataConnection.finished
!defaultpackage!.DataConnection.DataConnection(int+java.lang.String+java.lang.String+java.lang.String+java.awt.event.ActionListener);!defaultpackage!.DataConnection.host
!defaultpackage!.DataConnection.DataConnection(int+java.lang.String+java.lang.String+java.lang.String+java.awt.event.ActionListener);!defaultpackage!.DataConnection.isThere
!defaultpackage!.DataConnection.DataConnection(int+java.lang.String+java.lang.String+java.lang.String+java.awt.event.ActionListener);!defaultpackage!.DataConnection.listener
!defaultpackage!.DataConnection.DataConnection(int+java.lang.String+java.lang.String+java.lang.String+java.awt.event.ActionListener);!defaultpackage!.DataConnection.port
!defaultpackage!.DataConnection.DataConnection(int+java.lang.String+java.lang.String+java.lang.String+java.awt.event.ActionListener);!defaultpackage!.DataConnection.reciever
!defaultpackage!.DataConnection.DataConnection(int+java.lang.String+java.lang.String+java.lang.String+java.awt.event.ActionListener);!defaultpackage!.DataConnection.resume
!defaultpackage!.DataConnection.DataConnection(int+java.lang.String+java.lang.String+java.lang.String+java.awt.event.ActionListener);!defaultpackage!.DataConnection.sock
!defaultpackage!.DataConnection.DataConnection(int+java.lang.String+java.lang.String+java.lang.String+java.awt.event.ActionListener);!defaultpackage!.DataConnection.ssock
!defaultpackage!.DataConnection.DataConnection(int+java.lang.String+java.lang.String+java.lang.String+java.awt.event.ActionListener);!defaultpackage!.DataConnection.type
!defaultpackage!.DataConnection.debugWrite(java.lang.String);!defaultpackage!.JFtp.debugWrite(java.lang.String)
!defaultpackage!.DataConnection.reset();!defaultpackage!.DataConnection.reciever
!defaultpackage!.DataConnection.run();!defaultpackage!.DataConnection.debugWrite(java.lang.String)
!defaultpackage!.DataConnection.run();!defaultpackage!.DataConnection.file
!defaultpackage!.DataConnection.run();!defaultpackage!.DataConnection.finished
!defaultpackage!.DataConnection.run();!defaultpackage!.DataConnection.host
!defaultpackage!.DataConnection.run();!defaultpackage!.DataConnection.in
!defaultpackage!.DataConnection.run();!defaultpackage!.DataConnection.isThere
!defaultpackage!.DataConnection.run();!defaultpackage!.DataConnection.out
!defaultpackage!.DataConnection.run();!defaultpackage!.DataConnection.port
!defaultpackage!.DataConnection.run();!defaultpackage!.DataConnection.resume
!defaultpackage!.DataConnection.run();!defaultpackage!.DataConnection.sock
!defaultpackage!.DataConnection.run();!defaultpackage!.DataConnection.ssock
!defaultpackage!.DataConnection.run();!defaultpackage!.DataConnection.type
!defaultpackage!.DataConnection.run();!defaultpackage!.JFtp.debugWrite(java.lang.String)
!defaultpackage!.DataConnection.run();!defaultpackage!.Resource.statusMessageAfterBytes
!defaultpackage!.DataConnection.run();!defaultpackage!.Settings.ftpPasvMode
!defaultpackage!.DataConnection.update(java.lang.String);!defaultpackage!.DataConnection.listener
!defaultpackage!.DataConnection$1.DataConnection$1(DataConnection);!defaultpackage!.DataConnection
!defaultpackage!.DataConnection$1.DataConnection$1(DataConnection);!defaultpackage!.DataConnection$1.this$0
!defaultpackage!.DataConnection$1.run();!defaultpackage!.JFtp.localUpdate()
!defaultpackage!.DataConnection$1.this$0;!defaultpackage!.DataConnection
!defaultpackage!.DirCellRenderer.getListCellRendererComponent(javax.swing.JList+java.lang.Object+int+boolean+boolean);!defaultpackage!.DirEntry
!defaultpackage!.DirCellRenderer.getListCellRendererComponent(javax.swing.JList+java.lang.Object+int+boolean+boolean);!defaultpackage!.DirEntry.getImage()
!defaultpackage!.DirCellRenderer.static_{};!defaultpackage!.DirCellRenderer.longIcon
!defaultpackage!.DirCellRenderer.static_{};!defaultpackage!.DirCellRenderer.shortIcon
!defaultpackage!.DirCellRenderer.static_{};!defaultpackage!.Settings.dirImage
!defaultpackage!.DirCellRenderer.static_{};!defaultpackage!.Settings.fileImage
!defaultpackage!.DirEntry.DirEntry(java.lang.String+java.awt.event.ActionListener);!defaultpackage!.DirEntry.c
!defaultpackage!.DirEntry.DirEntry(java.lang.String+java.awt.event.ActionListener);!defaultpackage!.DirEntry.entered
!defaultpackage!.DirEntry.DirEntry(java.lang.String+java.awt.event.ActionListener);!defaultpackage!.DirEntry.file
!defaultpackage!.DirEntry.DirEntry(java.lang.String+java.awt.event.ActionListener);!defaultpackage!.DirEntry.isDirectory
!defaultpackage!.DirEntry.DirEntry(java.lang.String+java.awt.event.ActionListener);!defaultpackage!.DirEntry.isFile
!defaultpackage!.DirEntry.DirEntry(java.lang.String+java.awt.event.ActionListener);!defaultpackage!.DirEntry.isKb
!defaultpackage!.DirEntry.DirEntry(java.lang.String+java.awt.event.ActionListener);!defaultpackage!.DirEntry.selected
!defaultpackage!.DirEntry.DirEntry(java.lang.String+java.awt.event.ActionListener);!defaultpackage!.DirEntry.setFile()
!defaultpackage!.DirEntry.DirEntry(java.lang.String+java.awt.event.ActionListener);!defaultpackage!.DirEntry.size
!defaultpackage!.DirEntry.DirEntry(java.lang.String+java.awt.event.ActionListener);!defaultpackage!.DirEntry.who
!defaultpackage!.DirEntry.getImage();!defaultpackage!.DirEntry.img
!defaultpackage!.DirEntry.isDirectory();!defaultpackage!.DirEntry.isDirectory
!defaultpackage!.DirEntry.isFile();!defaultpackage!.DirEntry.isFile
!defaultpackage!.DirEntry.isSelected();!defaultpackage!.DirEntry.selected
!defaultpackage!.DirEntry.setDirectory();!defaultpackage!.DirEntry.c
!defaultpackage!.DirEntry.setDirectory();!defaultpackage!.DirEntry.img
!defaultpackage!.DirEntry.setDirectory();!defaultpackage!.DirEntry.isDirectory
!defaultpackage!.DirEntry.setDirectory();!defaultpackage!.DirEntry.isFile
!defaultpackage!.DirEntry.setDirectory();!defaultpackage!.HImage.getImage(java.awt.Component+java.lang.String)
!defaultpackage!.DirEntry.setDirectory();!defaultpackage!.Settings.dirImage
!defaultpackage!.DirEntry.setFile();!defaultpackage!.DirEntry.c
!defaultpackage!.DirEntry.setFile();!defaultpackage!.DirEntry.file
!defaultpackage!.DirEntry.setFile();!defaultpackage!.DirEntry.img
!defaultpackage!.DirEntry.setFile();!defaultpackage!.DirEntry.isDirectory
!defaultpackage!.DirEntry.setFile();!defaultpackage!.DirEntry.isFile
!defaultpackage!.DirEntry.setFile();!defaultpackage!.DirEntry.isKb
!defaultpackage!.DirEntry.setFile();!defaultpackage!.DirEntry.size
!defaultpackage!.DirEntry.setFile();!defaultpackage!.DirEntry.who
!defaultpackage!.DirEntry.setFile();!defaultpackage!.DirPanel
!defaultpackage!.DirEntry.setFile();!defaultpackage!.DirPanel.path
!defaultpackage!.DirEntry.setFile();!defaultpackage!.DirPanel.type
!defaultpackage!.DirEntry.setFile();!defaultpackage!.HImage.getImage(java.awt.Component+java.lang.String)
!defaultpackage!.DirEntry.setFile();!defaultpackage!.Settings.audioFileImage
!defaultpackage!.DirEntry.setFile();!defaultpackage!.Settings.codeFileImage
!defaultpackage!.DirEntry.setFile();!defaultpackage!.Settings.execFileImage
!defaultpackage!.DirEntry.setFile();!defaultpackage!.Settings.fileImage
!defaultpackage!.DirEntry.setFile();!defaultpackage!.Settings.htmlFileImage
!defaultpackage!.DirEntry.setFile();!defaultpackage!.Settings.imageFileImage
!defaultpackage!.DirEntry.setFile();!defaultpackage!.Settings.presentationFileImage
!defaultpackage!.DirEntry.setFile();!defaultpackage!.Settings.spreadsheetFileImage
!defaultpackage!.DirEntry.setFile();!defaultpackage!.Settings.textFileImage
!defaultpackage!.DirEntry.setFile();!defaultpackage!.Settings.videoFileImage
!defaultpackage!.DirEntry.setFile();!defaultpackage!.Settings.zipFileImage
!defaultpackage!.DirEntry.setSelected(boolean);!defaultpackage!.DirEntry.selected
!defaultpackage!.DirEntry.toString();!defaultpackage!.DirEntry.file
!defaultpackage!.DirLister.DirLister(java.lang.String+java.lang.String);!defaultpackage!.DirLister.finished
!defaultpackage!.DirLister.DirLister(java.lang.String+java.lang.String);!defaultpackage!.DirLister.isDirectory
!defaultpackage!.DirLister.DirLister(java.lang.String+java.lang.String);!defaultpackage!.DirLister.localInit()
!defaultpackage!.DirLister.DirLister(java.lang.String+java.lang.String);!defaultpackage!.DirLister.path
!defaultpackage!.DirLister.DirLister(java.lang.String+java.lang.String);!defaultpackage!.DirLister.remoteInit()
!defaultpackage!.DirLister.DirLister(java.lang.String+java.lang.String);!defaultpackage!.DirLister.type
!defaultpackage!.DirLister.getLength();!defaultpackage!.DirLister.length
!defaultpackage!.DirLister.isOk();!defaultpackage!.DirLister.isDirectory
!defaultpackage!.DirLister.list();!defaultpackage!.DirLister.files
!defaultpackage!.DirLister.localInit();!defaultpackage!.DirLister.files
!defaultpackage!.DirLister.localInit();!defaultpackage!.DirLister.finished
!defaultpackage!.DirLister.localInit();!defaultpackage!.DirLister.isDirectory
!defaultpackage!.DirLister.localInit();!defaultpackage!.DirLister.length
!defaultpackage!.DirLister.localInit();!defaultpackage!.DirLister.path
!defaultpackage!.DirLister.remoteInit();!defaultpackage!.DataConnection.DataConnection(int+java.lang.String+java.lang.String+java.lang.String+java.awt.event.ActionListener)
!defaultpackage!.DirLister.remoteInit();!defaultpackage!.DataConnection.finished
!defaultpackage!.DirLister.remoteInit();!defaultpackage!.DataConnection.isThere
!defaultpackage!.DirLister.remoteInit();!defaultpackage!.DirLister.files
!defaultpackage!.DirLister.remoteInit();!defaultpackage!.DirLister.finished
!defaultpackage!.DirLister.remoteInit();!defaultpackage!.DirLister.isDirectory
!defaultpackage!.DirLister.remoteInit();!defaultpackage!.DirLister.length
!defaultpackage!.DirLister.remoteInit();!defaultpackage!.DirLister.sizes
!defaultpackage!.DirLister.remoteInit();!defaultpackage!.FtpConnection.jcon
!defaultpackage!.DirLister.remoteInit();!defaultpackage!.JConnection
!defaultpackage!.DirLister.remoteInit();!defaultpackage!.JConnection.getInetInputStream()
!defaultpackage!.DirLister.remoteInit();!defaultpackage!.JConnection.send(java.lang.String)
!defaultpackage!.DirLister.remoteInit();!defaultpackage!.JFtp.debugWrite(java.lang.String)
!defaultpackage!.DirLister.remoteInit();!defaultpackage!.JFtp.getHost()
!defaultpackage!.DirLister.remoteInit();!defaultpackage!.JFtp.getPort()
!defaultpackage!.DirLister.remoteInit();!defaultpackage!.JFtp.getPortA()
!defaultpackage!.DirLister.remoteInit();!defaultpackage!.JFtp.getPortB()
!defaultpackage!.DirLister.remoteInit();!defaultpackage!.JFtp.incrementPort()
!defaultpackage!.DirLister.remoteInit();!defaultpackage!.Resource.getLine(java.lang.String)
!defaultpackage!.DirLister.remoteInit();!defaultpackage!.Resource.getPasvPort(java.lang.String)
!defaultpackage!.DirLister.remoteInit();!defaultpackage!.Resource.pause(int)
!defaultpackage!.DirLister.remoteInit();!defaultpackage!.Resource.sortLs(java.lang.String)
!defaultpackage!.DirLister.remoteInit();!defaultpackage!.Resource.sortSize(java.lang.String)
!defaultpackage!.DirLister.remoteInit();!defaultpackage!.Settings.ftpPasvMode
!defaultpackage!.DirLister.sList();!defaultpackage!.DirLister.sizes
!defaultpackage!.DirLister.sList();!defaultpackage!.DirLister.type
!defaultpackage!.DirPanel.DirPanel(java.lang.String+java.lang.String);!defaultpackage!.DirPanel.buttonPanel
!defaultpackage!.DirPanel.DirPanel(java.lang.String+java.lang.String);!defaultpackage!.DirPanel.currDirPanel
!defaultpackage!.DirPanel.DirPanel(java.lang.String+java.lang.String);!defaultpackage!.DirPanel.firstGui
!defaultpackage!.DirPanel.DirPanel(java.lang.String+java.lang.String);!defaultpackage!.DirPanel.jl
!defaultpackage!.DirPanel.DirPanel(java.lang.String+java.lang.String);!defaultpackage!.DirPanel.jsp
!defaultpackage!.DirPanel.DirPanel(java.lang.String+java.lang.String);!defaultpackage!.DirPanel.label
!defaultpackage!.DirPanel.DirPanel(java.lang.String+java.lang.String);!defaultpackage!.DirPanel.length
!defaultpackage!.DirPanel.DirPanel(java.lang.String+java.lang.String);!defaultpackage!.DirPanel.p
!defaultpackage!.DirPanel.DirPanel(java.lang.String+java.lang.String);!defaultpackage!.DirPanel.path
!defaultpackage!.DirPanel.DirPanel(java.lang.String+java.lang.String);!defaultpackage!.DirPanel.pathChanged
!defaultpackage!.DirPanel.DirPanel(java.lang.String+java.lang.String);!defaultpackage!.DirPanel.pos
!defaultpackage!.DirPanel.DirPanel(java.lang.String+java.lang.String);!defaultpackage!.DirPanel.type
!defaultpackage!.DirPanel.access$000(DirPanel);!defaultpackage!.DirPanel.jl
!defaultpackage!.DirPanel.actionPerformed(java.awt.event.ActionEvent);!defaultpackage!.Creator.Creator(java.lang.String+java.lang.String+DirPanel)
!defaultpackage!.DirPanel.actionPerformed(java.awt.event.ActionEvent);!defaultpackage!.DirEntry
!defaultpackage!.DirPanel.actionPerformed(java.awt.event.ActionEvent);!defaultpackage!.DirEntry.file
!defaultpackage!.DirPanel.actionPerformed(java.awt.event.ActionEvent);!defaultpackage!.DirEntry.selected
!defaultpackage!.DirPanel.actionPerformed(java.awt.event.ActionEvent);!defaultpackage!.DirPanel.dirEntry
!defaultpackage!.DirPanel.actionPerformed(java.awt.event.ActionEvent);!defaultpackage!.DirPanel.download()
!defaultpackage!.DirPanel.actionPerformed(java.awt.event.ActionEvent);!defaultpackage!.DirPanel.fresh()
!defaultpackage!.DirPanel.actionPerformed(java.awt.event.ActionEvent);!defaultpackage!.DirPanel.length
!defaultpackage!.DirPanel.actionPerformed(java.awt.event.ActionEvent);!defaultpackage!.DirPanel.path
!defaultpackage!.DirPanel.actionPerformed(java.awt.event.ActionEvent);!defaultpackage!.DirPanel.setPath(java.lang.String)
!defaultpackage!.DirPanel.actionPerformed(java.awt.event.ActionEvent);!defaultpackage!.DirPanel.setRemotePath(java.lang.String)
!defaultpackage!.DirPanel.actionPerformed(java.awt.event.ActionEvent);!defaultpackage!.DirPanel.type
!defaultpackage!.DirPanel.actionPerformed(java.awt.event.ActionEvent);!defaultpackage!.DirPanel.upload()
!defaultpackage!.DirPanel.actionPerformed(java.awt.event.ActionEvent);!defaultpackage!.FtpConnection.jcon
!defaultpackage!.DirPanel.actionPerformed(java.awt.event.ActionEvent);!defaultpackage!.JConnection
!defaultpackage!.DirPanel.actionPerformed(java.awt.event.ActionEvent);!defaultpackage!.JConnection.send(java.lang.String)
!defaultpackage!.DirPanel.actionPerformed(java.awt.event.ActionEvent);!defaultpackage!.JFtp.debugWrite(java.lang.String)
!defaultpackage!.DirPanel.actionPerformed(java.awt.event.ActionEvent);!defaultpackage!.JFtp.localDir
!defaultpackage!.DirPanel.actionPerformed(java.awt.event.ActionEvent);!defaultpackage!.JFtp.remoteDir
!defaultpackage!.DirPanel.actionPerformed(java.awt.event.ActionEvent);!defaultpackage!.PathChanger.PathChanger(java.lang.String)
!defaultpackage!.DirPanel.actionPerformed(java.awt.event.ActionEvent);!defaultpackage!.RemoteCommand.RemoteCommand()
!defaultpackage!.DirPanel.actionPerformed(java.awt.event.ActionEvent);!defaultpackage!.Remover.Remover(java.lang.String+java.lang.String+DirPanel)
!defaultpackage!.DirPanel.actionPerformed(java.awt.event.ActionEvent);!defaultpackage!.Resource.getLine(java.lang.String)
!defaultpackage!.DirPanel.clear();!defaultpackage!.DirEntry
!defaultpackage!.DirPanel.clear();!defaultpackage!.DirPanel.dirEntry
!defaultpackage!.DirPanel.clear();!defaultpackage!.DirPanel.files
!defaultpackage!.DirPanel.clear();!defaultpackage!.DirPanel.length
!defaultpackage!.DirPanel.clear();!defaultpackage!.DirPanel.pos
!defaultpackage!.DirPanel.cutPath(java.lang.String);!defaultpackage!.Resource.cutAfter(java.lang.String+char)
!defaultpackage!.DirPanel.dirEntry;!defaultpackage!.DirEntry
!defaultpackage!.DirPanel.download();!defaultpackage!.DirEntry
!defaultpackage!.DirPanel.download();!defaultpackage!.DirEntry.file
!defaultpackage!.DirPanel.download();!defaultpackage!.DirEntry.isDirectory()
!defaultpackage!.DirPanel.download();!defaultpackage!.DirEntry.selected
!defaultpackage!.DirPanel.download();!defaultpackage!.DirPanel.dirEntry
!defaultpackage!.DirPanel.download();!defaultpackage!.DirPanel.length
!defaultpackage!.DirPanel.download();!defaultpackage!.DirPanel.path
!defaultpackage!.DirPanel.download();!defaultpackage!.JFtp.remoteDir
!defaultpackage!.DirPanel.download();!defaultpackage!.Resource.download(java.lang.String)
!defaultpackage!.DirPanel.download();!defaultpackage!.Resource.downloadDir(java.lang.String+java.lang.String)
!defaultpackage!.DirPanel.download(int);!defaultpackage!.DirEntry
!defaultpackage!.DirPanel.download(int);!defaultpackage!.DirEntry.file
!defaultpackage!.DirPanel.download(int);!defaultpackage!.DirEntry.isDirectory()
!defaultpackage!.DirPanel.download(int);!defaultpackage!.DirEntry.selected
!defaultpackage!.DirPanel.download(int);!defaultpackage!.DirPanel.dirEntry
!defaultpackage!.DirPanel.download(int);!defaultpackage!.DirPanel.path
!defaultpackage!.DirPanel.download(int);!defaultpackage!.JFtp.remoteDir
!defaultpackage!.DirPanel.download(int);!defaultpackage!.Resource.download(java.lang.String)
!defaultpackage!.DirPanel.download(int);!defaultpackage!.Resource.downloadDir(java.lang.String+java.lang.String)
!defaultpackage!.DirPanel.fresh();!defaultpackage!.DirPanel.path
!defaultpackage!.DirPanel.fresh();!defaultpackage!.DirPanel.setPath(java.lang.String)
!defaultpackage!.DirPanel.fresh();!defaultpackage!.DirPanel.setRemotePath(java.lang.String)
!defaultpackage!.DirPanel.fresh();!defaultpackage!.DirPanel.type
!defaultpackage!.DirPanel.gui(boolean);!defaultpackage!.DirPanel.cutPath(java.lang.String)
!defaultpackage!.DirPanel.gui(boolean);!defaultpackage!.DirPanel.firstGui
!defaultpackage!.DirPanel.gui(boolean);!defaultpackage!.DirPanel.gui_init()
!defaultpackage!.DirPanel.gui(boolean);!defaultpackage!.DirPanel.label
!defaultpackage!.DirPanel.gui(boolean);!defaultpackage!.DirPanel.p
!defaultpackage!.DirPanel.gui(boolean);!defaultpackage!.DirPanel.path
!defaultpackage!.DirPanel.gui(boolean);!defaultpackage!.DirPanel.setDirList(boolean)
!defaultpackage!.DirPanel.gui(boolean);!defaultpackage!.DirPanel.setViewPort()
!defaultpackage!.DirPanel.gui_init();!defaultpackage!.DirCellRenderer.DirCellRenderer()
!defaultpackage!.DirPanel.gui_init();!defaultpackage!.DirPanel$1.DirPanel$1(DirPanel)
!defaultpackage!.DirPanel.gui_init();!defaultpackage!.DirPanel.buttonPanel
!defaultpackage!.DirPanel.gui_init();!defaultpackage!.DirPanel.cdButton
!defaultpackage!.DirPanel.gui_init();!defaultpackage!.DirPanel.cmdButton
!defaultpackage!.DirPanel.gui_init();!defaultpackage!.DirPanel.currDirPanel
!defaultpackage!.DirPanel.gui_init();!defaultpackage!.DirPanel.cutPath(java.lang.String)
!defaultpackage!.DirPanel.gui_init();!defaultpackage!.DirPanel.deleteButton
!defaultpackage!.DirPanel.gui_init();!defaultpackage!.DirPanel.downloadButton
!defaultpackage!.DirPanel.gui_init();!defaultpackage!.DirPanel.jl
!defaultpackage!.DirPanel.gui_init();!defaultpackage!.DirPanel.jlm
!defaultpackage!.DirPanel.gui_init();!defaultpackage!.DirPanel.jsp
!defaultpackage!.DirPanel.gui_init();!defaultpackage!.DirPanel.label
!defaultpackage!.DirPanel.gui_init();!defaultpackage!.DirPanel.mkdirButton
!defaultpackage!.DirPanel.gui_init();!defaultpackage!.DirPanel.path
!defaultpackage!.DirPanel.gui_init();!defaultpackage!.DirPanel.refreshButton
!defaultpackage!.DirPanel.gui_init();!defaultpackage!.DirPanel.rmdirButton
!defaultpackage!.DirPanel.gui_init();!defaultpackage!.DirPanel.setDirList(boolean)
!defaultpackage!.DirPanel.gui_init();!defaultpackage!.DirPanel.type
!defaultpackage!.DirPanel.gui_init();!defaultpackage!.DirPanel.uploadButton
!defaultpackage!.DirPanel.gui_init();!defaultpackage!.HImage.getImageIcon(java.lang.String+java.lang.String)
!defaultpackage!.DirPanel.gui_init();!defaultpackage!.Settings.back
!defaultpackage!.DirPanel.gui_init();!defaultpackage!.Settings.cdImage
!defaultpackage!.DirPanel.gui_init();!defaultpackage!.Settings.deleteImage
!defaultpackage!.DirPanel.gui_init();!defaultpackage!.Settings.downloadImage
!defaultpackage!.DirPanel.gui_init();!defaultpackage!.Settings.front
!defaultpackage!.DirPanel.gui_init();!defaultpackage!.Settings.mkdirImage
!defaultpackage!.DirPanel.gui_init();!defaultpackage!.Settings.refreshImage
!defaultpackage!.DirPanel.gui_init();!defaultpackage!.Settings.rmdirImage
!defaultpackage!.DirPanel.gui_init();!defaultpackage!.Settings.uploadImage
!defaultpackage!.DirPanel.setDirList(boolean);!defaultpackage!.DirEntry
!defaultpackage!.DirPanel.setDirList(boolean);!defaultpackage!.DirEntry.DirEntry(java.lang.String+java.awt.event.ActionListener)
!defaultpackage!.DirPanel.setDirList(boolean);!defaultpackage!.DirEntry.file
!defaultpackage!.DirPanel.setDirList(boolean);!defaultpackage!.DirEntry.setDirectory()
!defaultpackage!.DirPanel.setDirList(boolean);!defaultpackage!.DirEntry.setFile()
!defaultpackage!.DirPanel.setDirList(boolean);!defaultpackage!.DirEntry.size
!defaultpackage!.DirPanel.setDirList(boolean);!defaultpackage!.DirLister.DirLister(java.lang.String+java.lang.String)
!defaultpackage!.DirPanel.setDirList(boolean);!defaultpackage!.DirLister.finished
!defaultpackage!.DirPanel.setDirList(boolean);!defaultpackage!.DirLister.getLength()
!defaultpackage!.DirPanel.setDirList(boolean);!defaultpackage!.DirLister.isOk()
!defaultpackage!.DirPanel.setDirList(boolean);!defaultpackage!.DirLister.list()
!defaultpackage!.DirPanel.setDirList(boolean);!defaultpackage!.DirLister.sList()
!defaultpackage!.DirPanel.setDirList(boolean);!defaultpackage!.DirPanel.dirEntry
!defaultpackage!.DirPanel.setDirList(boolean);!defaultpackage!.DirPanel.files
!defaultpackage!.DirPanel.setDirList(boolean);!defaultpackage!.DirPanel.jl
!defaultpackage!.DirPanel.setDirList(boolean);!defaultpackage!.DirPanel.jlm
!defaultpackage!.DirPanel.setDirList(boolean);!defaultpackage!.DirPanel.length
!defaultpackage!.DirPanel.setDirList(boolean);!defaultpackage!.DirPanel.path
!defaultpackage!.DirPanel.setDirList(boolean);!defaultpackage!.DirPanel.pathChanged
!defaultpackage!.DirPanel.setDirList(boolean);!defaultpackage!.DirPanel.type
!defaultpackage!.DirPanel.setDirList(boolean);!defaultpackage!.JFtp.debugWrite(java.lang.String)
!defaultpackage!.DirPanel.setDirList(boolean);!defaultpackage!.Resource.pause(int)
!defaultpackage!.DirPanel.setPath(java.lang.String);!defaultpackage!.DirPanel.clear()
!defaultpackage!.DirPanel.setPath(java.lang.String);!defaultpackage!.DirPanel.gui(boolean)
!defaultpackage!.DirPanel.setPath(java.lang.String);!defaultpackage!.DirPanel.path
!defaultpackage!.DirPanel.setPath(java.lang.String);!defaultpackage!.DirPanel.pathChanged
!defaultpackage!.DirPanel.setPath(java.lang.String);!defaultpackage!.FtpConnection.host
!defaultpackage!.DirPanel.setPath(java.lang.String);!defaultpackage!.FtpConnection.pass
!defaultpackage!.DirPanel.setPath(java.lang.String);!defaultpackage!.FtpConnection.port
!defaultpackage!.DirPanel.setPath(java.lang.String);!defaultpackage!.FtpConnection.user
!defaultpackage!.DirPanel.setPath(java.lang.String);!defaultpackage!.JFtp.debugWrite(java.lang.String)
!defaultpackage!.DirPanel.setPath(java.lang.String);!defaultpackage!.JFtp.remoteDir
!defaultpackage!.DirPanel.setPath(java.lang.String);!defaultpackage!.SaveSet.SaveSet(java.lang.String+java.lang.String+java.lang.String+java.lang.String+java.lang.String+java.lang.String+java.lang.String)
!defaultpackage!.DirPanel.setRemotePath(java.lang.String);!defaultpackage!.DirPanel.clear()
!defaultpackage!.DirPanel.setRemotePath(java.lang.String);!defaultpackage!.DirPanel.gui(boolean)
!defaultpackage!.DirPanel.setRemotePath(java.lang.String);!defaultpackage!.DirPanel.path
!defaultpackage!.DirPanel.setRemotePath(java.lang.String);!defaultpackage!.DirPanel.pathChanged
!defaultpackage!.DirPanel.setRemotePath(java.lang.String);!defaultpackage!.FtpConnection.host
!defaultpackage!.DirPanel.setRemotePath(java.lang.String);!defaultpackage!.FtpConnection.in
!defaultpackage!.DirPanel.setRemotePath(java.lang.String);!defaultpackage!.FtpConnection.jcon
!defaultpackage!.DirPanel.setRemotePath(java.lang.String);!defaultpackage!.FtpConnection.pass
!defaultpackage!.DirPanel.setRemotePath(java.lang.String);!defaultpackage!.FtpConnection.port
!defaultpackage!.DirPanel.setRemotePath(java.lang.String);!defaultpackage!.FtpConnection.user
!defaultpackage!.DirPanel.setRemotePath(java.lang.String);!defaultpackage!.JConnection
!defaultpackage!.DirPanel.setRemotePath(java.lang.String);!defaultpackage!.JConnection.send(java.lang.String)
!defaultpackage!.DirPanel.setRemotePath(java.lang.String);!defaultpackage!.JFtp.debugWrite(java.lang.String)
!defaultpackage!.DirPanel.setRemotePath(java.lang.String);!defaultpackage!.JFtp.localDir
!defaultpackage!.DirPanel.setRemotePath(java.lang.String);!defaultpackage!.Resource.getLine(java.lang.String)
!defaultpackage!.DirPanel.setRemotePath(java.lang.String);!defaultpackage!.SaveSet.SaveSet(java.lang.String+java.lang.String+java.lang.String+java.lang.String+java.lang.String+java.lang.String+java.lang.String)
!defaultpackage!.DirPanel.setRemotePath(java.lang.String);!defaultpackage!.Settings.safeMode
!defaultpackage!.DirPanel.upload();!defaultpackage!.DirEntry
!defaultpackage!.DirPanel.upload();!defaultpackage!.DirEntry.file
!defaultpackage!.DirPanel.upload();!defaultpackage!.DirEntry.isDirectory()
!defaultpackage!.DirPanel.upload();!defaultpackage!.DirEntry.selected
!defaultpackage!.DirPanel.upload();!defaultpackage!.DirPanel.dirEntry
!defaultpackage!.DirPanel.upload();!defaultpackage!.DirPanel.length
!defaultpackage!.DirPanel.upload();!defaultpackage!.DirPanel.path
!defaultpackage!.DirPanel.upload();!defaultpackage!.JFtp.localDir
!defaultpackage!.DirPanel.upload();!defaultpackage!.Resource.upload(java.lang.String)
!defaultpackage!.DirPanel.upload();!defaultpackage!.Resource.uploadDir(java.lang.String+java.lang.String)
!defaultpackage!.DirPanel.upload(int);!defaultpackage!.DirEntry
!defaultpackage!.DirPanel.upload(int);!defaultpackage!.DirEntry.file
!defaultpackage!.DirPanel.upload(int);!defaultpackage!.DirEntry.isDirectory()
!defaultpackage!.DirPanel.upload(int);!defaultpackage!.DirEntry.selected
!defaultpackage!.DirPanel.upload(int);!defaultpackage!.DirPanel.dirEntry
!defaultpackage!.DirPanel.upload(int);!defaultpackage!.DirPanel.path
!defaultpackage!.DirPanel.upload(int);!defaultpackage!.JFtp.localDir
!defaultpackage!.DirPanel.upload(int);!defaultpackage!.Resource.upload(java.lang.String)
!defaultpackage!.DirPanel.upload(int);!defaultpackage!.Resource.uploadDir(java.lang.String+java.lang.String)
!defaultpackage!.DirPanel.valueChanged(javax.swing.event.ListSelectionEvent);!defaultpackage!.DirEntry
!defaultpackage!.DirPanel.valueChanged(javax.swing.event.ListSelectionEvent);!defaultpackage!.DirEntry.setSelected(boolean)
!defaultpackage!.DirPanel.valueChanged(javax.swing.event.ListSelectionEvent);!defaultpackage!.DirPanel.dirEntry
!defaultpackage!.DirPanel.valueChanged(javax.swing.event.ListSelectionEvent);!defaultpackage!.DirPanel.jl
!defaultpackage!.DirPanel.valueChanged(javax.swing.event.ListSelectionEvent);!defaultpackage!.DirPanel.type
!defaultpackage!.DirPanel$1.DirPanel$1(DirPanel);!defaultpackage!.DirPanel
!defaultpackage!.DirPanel$1.DirPanel$1(DirPanel);!defaultpackage!.DirPanel$1.this$0
!defaultpackage!.DirPanel$1.mouseClicked(java.awt.event.MouseEvent);!defaultpackage!.DirEntry
!defaultpackage!.DirPanel$1.mouseClicked(java.awt.event.MouseEvent);!defaultpackage!.DirEntry.isDirectory()
!defaultpackage!.DirPanel$1.mouseClicked(java.awt.event.MouseEvent);!defaultpackage!.DirPanel
!defaultpackage!.DirPanel$1.mouseClicked(java.awt.event.MouseEvent);!defaultpackage!.DirPanel$1.this$0
!defaultpackage!.DirPanel$1.mouseClicked(java.awt.event.MouseEvent);!defaultpackage!.DirPanel.access$000(DirPanel)
!defaultpackage!.DirPanel$1.mouseClicked(java.awt.event.MouseEvent);!defaultpackage!.DirPanel.dirEntry
!defaultpackage!.DirPanel$1.mouseClicked(java.awt.event.MouseEvent);!defaultpackage!.DirPanel.download(int)
!defaultpackage!.DirPanel$1.mouseClicked(java.awt.event.MouseEvent);!defaultpackage!.DirPanel.path
!defaultpackage!.DirPanel$1.mouseClicked(java.awt.event.MouseEvent);!defaultpackage!.DirPanel.setPath(java.lang.String)
!defaultpackage!.DirPanel$1.mouseClicked(java.awt.event.MouseEvent);!defaultpackage!.DirPanel.setRemotePath(java.lang.String)
!defaultpackage!.DirPanel$1.mouseClicked(java.awt.event.MouseEvent);!defaultpackage!.DirPanel.type
!defaultpackage!.DirPanel$1.mouseClicked(java.awt.event.MouseEvent);!defaultpackage!.DirPanel.upload(int)
!defaultpackage!.DirPanel$1.this$0;!defaultpackage!.DirPanel
!defaultpackage!.Displayer.Displayer(java.net.URL);!defaultpackage!.Displayer$1.Displayer$1(Displayer)
!defaultpackage!.Displayer.Displayer(java.net.URL);!defaultpackage!.Displayer.info
!defaultpackage!.Displayer.Displayer(java.net.URL);!defaultpackage!.Displayer.load(java.net.URL)
!defaultpackage!.Displayer.Displayer(java.net.URL);!defaultpackage!.HFrame.HFrame()
!defaultpackage!.Displayer.getInsets();!defaultpackage!.HFrame.getInsets()
!defaultpackage!.Displayer.load(java.net.URL);!defaultpackage!.Displayer.info
!defaultpackage!.Displayer.load(java.net.URL);!defaultpackage!.JFtp.debugWrite(java.lang.String)
!defaultpackage!.Displayer$1.Displayer$1(Displayer);!defaultpackage!.Displayer
!defaultpackage!.Displayer$1.Displayer$1(Displayer);!defaultpackage!.Displayer$1.this$0
!defaultpackage!.Displayer$1.this$0;!defaultpackage!.Displayer
!defaultpackage!.Displayer$1.windowClosing(java.awt.event.WindowEvent);!defaultpackage!.Displayer
!defaultpackage!.Displayer$1.windowClosing(java.awt.event.WindowEvent);!defaultpackage!.Displayer$1.this$0
!defaultpackage!.FtpConnection.FtpConnection(java.lang.String+java.lang.String+java.lang.String+int+java.lang.String+java.lang.String);!defaultpackage!.FtpConnection.dataport
!defaultpackage!.FtpConnection.FtpConnection(java.lang.String+java.lang.String+java.lang.String+int+java.lang.String+java.lang.String);!defaultpackage!.FtpConnection.fin
!defaultpackage!.FtpConnection.FtpConnection(java.lang.String+java.lang.String+java.lang.String+int+java.lang.String+java.lang.String);!defaultpackage!.FtpConnection.host
!defaultpackage!.FtpConnection.FtpConnection(java.lang.String+java.lang.String+java.lang.String+int+java.lang.String+java.lang.String);!defaultpackage!.FtpConnection.initCWD
!defaultpackage!.FtpConnection.FtpConnection(java.lang.String+java.lang.String+java.lang.String+int+java.lang.String+java.lang.String);!defaultpackage!.FtpConnection.localCWD
!defaultpackage!.FtpConnection.FtpConnection(java.lang.String+java.lang.String+java.lang.String+int+java.lang.String+java.lang.String);!defaultpackage!.FtpConnection.maxlen
!defaultpackage!.FtpConnection.FtpConnection(java.lang.String+java.lang.String+java.lang.String+int+java.lang.String+java.lang.String);!defaultpackage!.FtpConnection.msg
!defaultpackage!.FtpConnection.FtpConnection(java.lang.String+java.lang.String+java.lang.String+int+java.lang.String+java.lang.String);!defaultpackage!.FtpConnection.ok
!defaultpackage!.FtpConnection.FtpConnection(java.lang.String+java.lang.String+java.lang.String+int+java.lang.String+java.lang.String);!defaultpackage!.FtpConnection.pass
!defaultpackage!.FtpConnection.FtpConnection(java.lang.String+java.lang.String+java.lang.String+int+java.lang.String+java.lang.String);!defaultpackage!.FtpConnection.port
!defaultpackage!.FtpConnection.FtpConnection(java.lang.String+java.lang.String+java.lang.String+int+java.lang.String+java.lang.String);!defaultpackage!.FtpConnection.runner
!defaultpackage!.FtpConnection.FtpConnection(java.lang.String+java.lang.String+java.lang.String+int+java.lang.String+java.lang.String);!defaultpackage!.FtpConnection.user
!defaultpackage!.FtpConnection.datacon;!defaultpackage!.JConnection
!defaultpackage!.FtpConnection.getStream(java.lang.String);!defaultpackage!.FtpConnection.in
!defaultpackage!.FtpConnection.getStream(java.lang.String);!defaultpackage!.JFtp.debugWrite(java.lang.String)
!defaultpackage!.FtpConnection.getStreamArray(java.lang.String[]);!defaultpackage!.FtpConnection.in
!defaultpackage!.FtpConnection.getStreamArray(java.lang.String[]);!defaultpackage!.JFtp.debugWrite(java.lang.String)
!defaultpackage!.FtpConnection.jcon;!defaultpackage!.JConnection
!defaultpackage!.FtpConnection.run();!defaultpackage!.DirPanel
!defaultpackage!.FtpConnection.run();!defaultpackage!.DirPanel.setPath(java.lang.String)
!defaultpackage!.FtpConnection.run();!defaultpackage!.DirPanel.setRemotePath(java.lang.String)
!defaultpackage!.FtpConnection.run();!defaultpackage!.FtpConnection.getStream(java.lang.String)
!defaultpackage!.FtpConnection.run();!defaultpackage!.FtpConnection.getStreamArray(java.lang.String[])
!defaultpackage!.FtpConnection.run();!defaultpackage!.FtpConnection.host
!defaultpackage!.FtpConnection.run();!defaultpackage!.FtpConnection.in
!defaultpackage!.FtpConnection.run();!defaultpackage!.FtpConnection.initCWD
!defaultpackage!.FtpConnection.run();!defaultpackage!.FtpConnection.jcon
!defaultpackage!.FtpConnection.run();!defaultpackage!.FtpConnection.localCWD
!defaultpackage!.FtpConnection.run();!defaultpackage!.FtpConnection.loginAck
!defaultpackage!.FtpConnection.run();!defaultpackage!.FtpConnection.msg
!defaultpackage!.FtpConnection.run();!defaultpackage!.FtpConnection.ok
!defaultpackage!.FtpConnection.run();!defaultpackage!.FtpConnection.pass
!defaultpackage!.FtpConnection.run();!defaultpackage!.FtpConnection.port
!defaultpackage!.FtpConnection.run();!defaultpackage!.FtpConnection.user
!defaultpackage!.FtpConnection.run();!defaultpackage!.JConnection
!defaultpackage!.FtpConnection.run();!defaultpackage!.JConnection.JConnection(java.lang.String+int)
!defaultpackage!.FtpConnection.run();!defaultpackage!.JConnection.getInetInputStream()
!defaultpackage!.FtpConnection.run();!defaultpackage!.JConnection.isThere()
!defaultpackage!.FtpConnection.run();!defaultpackage!.JConnection.send(java.lang.String)
!defaultpackage!.FtpConnection.run();!defaultpackage!.JFtp.debugWrite(java.lang.String)
!defaultpackage!.FtpConnection.run();!defaultpackage!.JFtp.localDir
!defaultpackage!.FtpConnection.run();!defaultpackage!.JFtp.remoteDir
!defaultpackage!.FtpConnection.run();!defaultpackage!.Resource.contains(java.lang.String[]+java.lang.String[])
!defaultpackage!.FtpConnection.setFin();!defaultpackage!.FtpConnection.fin
!defaultpackage!.FtpConnection.static_{};!defaultpackage!.FtpConnection.host
!defaultpackage!.FtpConnection.static_{};!defaultpackage!.FtpConnection.initCWD
!defaultpackage!.FtpConnection.static_{};!defaultpackage!.FtpConnection.localCWD
!defaultpackage!.FtpConnection.static_{};!defaultpackage!.FtpConnection.loginAck
!defaultpackage!.FtpConnection.static_{};!defaultpackage!.FtpConnection.port
!defaultpackage!.HButton.HButton(java.lang.String);!defaultpackage!.Settings.font
!defaultpackage!.HFrame.HFrame();!defaultpackage!.Settings.font
!defaultpackage!.HFrame.HFrame();!defaultpackage!.Settings.resize
!defaultpackage!.HImage.getImage(java.awt.Component+java.lang.String);!defaultpackage!.HImage.class$(java.lang.String)
!defaultpackage!.HImage.getImage(java.awt.Component+java.lang.String);!defaultpackage!.HImage.class$HImage
!defaultpackage!.HImage.getImageIcon(java.lang.String+java.lang.String);!defaultpackage!.HImage.class$(java.lang.String)
!defaultpackage!.HImage.getImageIcon(java.lang.String+java.lang.String);!defaultpackage!.HImage.class$HImage
!defaultpackage!.HImageButton.HImageButton(java.lang.String+java.lang.String+java.lang.String+java.awt.event.ActionListener);!defaultpackage!.HImage.getImage(java.awt.Component+java.lang.String)
!defaultpackage!.HImageButton.HImageButton(java.lang.String+java.lang.String+java.lang.String+java.awt.event.ActionListener);!defaultpackage!.HImageButton.back
!defaultpackage!.HImageButton.HImageButton(java.lang.String+java.lang.String+java.lang.String+java.awt.event.ActionListener);!defaultpackage!.HImageButton.cacheBack
!defaultpackage!.HImageButton.HImageButton(java.lang.String+java.lang.String+java.lang.String+java.awt.event.ActionListener);!defaultpackage!.HImageButton.cmd
!defaultpackage!.HImageButton.HImageButton(java.lang.String+java.lang.String+java.lang.String+java.awt.event.ActionListener);!defaultpackage!.HImageButton.entered
!defaultpackage!.HImageButton.HImageButton(java.lang.String+java.lang.String+java.lang.String+java.awt.event.ActionListener);!defaultpackage!.HImageButton.font
!defaultpackage!.HImageButton.HImageButton(java.lang.String+java.lang.String+java.lang.String+java.awt.event.ActionListener);!defaultpackage!.HImageButton.front
!defaultpackage!.HImageButton.HImageButton(java.lang.String+java.lang.String+java.lang.String+java.awt.event.ActionListener);!defaultpackage!.HImageButton.image
!defaultpackage!.HImageButton.HImageButton(java.lang.String+java.lang.String+java.lang.String+java.awt.event.ActionListener);!defaultpackage!.HImageButton.img
!defaultpackage!.HImageButton.HImageButton(java.lang.String+java.lang.String+java.lang.String+java.awt.event.ActionListener);!defaultpackage!.HImageButton.label
!defaultpackage!.HImageButton.HImageButton(java.lang.String+java.lang.String+java.lang.String+java.awt.event.ActionListener);!defaultpackage!.HImageButton.who
!defaultpackage!.HImageButton.HImageButton(java.lang.String+java.lang.String+java.lang.String+java.awt.event.ActionListener);!defaultpackage!.Settings.font
!defaultpackage!.HImageButton.HImageButton(java.lang.String+java.lang.String+java.lang.String+java.awt.event.ActionListener);!defaultpackage!.Settings.front
!defaultpackage!.HImageButton.mouseEntered(java.awt.event.MouseEvent);!defaultpackage!.HImageButton.back
!defaultpackage!.HImageButton.mouseEntered(java.awt.event.MouseEvent);!defaultpackage!.HImageButton.entered
!defaultpackage!.HImageButton.mouseEntered(java.awt.event.MouseEvent);!defaultpackage!.HImageButton.label
!defaultpackage!.HImageButton.mouseEntered(java.awt.event.MouseEvent);!defaultpackage!.JFtp.statusP
!defaultpackage!.HImageButton.mouseEntered(java.awt.event.MouseEvent);!defaultpackage!.Settings.activeColor
!defaultpackage!.HImageButton.mouseEntered(java.awt.event.MouseEvent);!defaultpackage!.StatusPanel
!defaultpackage!.HImageButton.mouseEntered(java.awt.event.MouseEvent);!defaultpackage!.StatusPanel.status(java.lang.String)
!defaultpackage!.HImageButton.mouseExited(java.awt.event.MouseEvent);!defaultpackage!.HImageButton.back
!defaultpackage!.HImageButton.mouseExited(java.awt.event.MouseEvent);!defaultpackage!.HImageButton.cacheBack
!defaultpackage!.HImageButton.mouseExited(java.awt.event.MouseEvent);!defaultpackage!.HImageButton.entered
!defaultpackage!.HImageButton.mouseExited(java.awt.event.MouseEvent);!defaultpackage!.JFtp.statusP
!defaultpackage!.HImageButton.mouseExited(java.awt.event.MouseEvent);!defaultpackage!.StatusPanel
!defaultpackage!.HImageButton.mouseExited(java.awt.event.MouseEvent);!defaultpackage!.StatusPanel.status(java.lang.String)
!defaultpackage!.HImageButton.mouseReleased(java.awt.event.MouseEvent);!defaultpackage!.HImageButton.back
!defaultpackage!.HImageButton.mouseReleased(java.awt.event.MouseEvent);!defaultpackage!.HImageButton.cacheBack
!defaultpackage!.HImageButton.mouseReleased(java.awt.event.MouseEvent);!defaultpackage!.HImageButton.cmd
!defaultpackage!.HImageButton.mouseReleased(java.awt.event.MouseEvent);!defaultpackage!.HImageButton.who
!defaultpackage!.HImageButton.paintComponent(java.awt.Graphics);!defaultpackage!.HImageButton.back
!defaultpackage!.HImageButton.paintComponent(java.awt.Graphics);!defaultpackage!.HImageButton.img
!defaultpackage!.HImageButton.update(java.awt.Graphics);!defaultpackage!.HImageButton.paintComponent(java.awt.Graphics)
!defaultpackage!.HPanel.HPanel();!defaultpackage!.Settings.font
!defaultpackage!.HPasswordField.HPasswordField(java.lang.String+java.lang.String);!defaultpackage!.HPasswordField.label
!defaultpackage!.HPasswordField.HPasswordField(java.lang.String+java.lang.String);!defaultpackage!.HPasswordField.text
!defaultpackage!.HPasswordField.getLabel();!defaultpackage!.HPasswordField.label
!defaultpackage!.HPasswordField.getText();!defaultpackage!.HPasswordField.text
!defaultpackage!.HPasswordField.setLabel(java.lang.String);!defaultpackage!.HPasswordField.label
!defaultpackage!.HPasswordField.setText(java.lang.String);!defaultpackage!.HPasswordField.text
!defaultpackage!.HTextField.HTextField(java.lang.String+java.lang.String);!defaultpackage!.HTextField.label
!defaultpackage!.HTextField.HTextField(java.lang.String+java.lang.String);!defaultpackage!.HTextField.text
!defaultpackage!.HTextField.getLabel();!defaultpackage!.HTextField.label
!defaultpackage!.HTextField.getText();!defaultpackage!.HTextField.text
!defaultpackage!.HTextField.setLabel(java.lang.String);!defaultpackage!.HTextField.label
!defaultpackage!.HTextField.setText(java.lang.String);!defaultpackage!.HTextField.text
!defaultpackage!.HostChooser.HostChooser();!defaultpackage!.HButton
!defaultpackage!.HostChooser.HostChooser();!defaultpackage!.HButton.HButton(java.lang.String)
!defaultpackage!.HostChooser.HostChooser();!defaultpackage!.HFrame.HFrame()
!defaultpackage!.HostChooser.HostChooser();!defaultpackage!.HPanel
!defaultpackage!.HostChooser.HostChooser();!defaultpackage!.HPanel.HPanel()
!defaultpackage!.HostChooser.HostChooser();!defaultpackage!.HPasswordField
!defaultpackage!.HostChooser.HostChooser();!defaultpackage!.HPasswordField.setText(java.lang.String)
!defaultpackage!.HostChooser.HostChooser();!defaultpackage!.HTextField
!defaultpackage!.HostChooser.HostChooser();!defaultpackage!.HTextField.HTextField(java.lang.String+java.lang.String)
!defaultpackage!.HostChooser.HostChooser();!defaultpackage!.HTextField.setText(java.lang.String)
!defaultpackage!.HostChooser.HostChooser();!defaultpackage!.HostChooser.cwd
!defaultpackage!.HostChooser.HostChooser();!defaultpackage!.HostChooser.host
!defaultpackage!.HostChooser.HostChooser();!defaultpackage!.HostChooser.lcwd
!defaultpackage!.HostChooser.HostChooser();!defaultpackage!.HostChooser.list
!defaultpackage!.HostChooser.HostChooser();!defaultpackage!.HostChooser.listP
!defaultpackage!.HostChooser.HostChooser();!defaultpackage!.HostChooser.ok
!defaultpackage!.HostChooser.HostChooser();!defaultpackage!.HostChooser.okP
!defaultpackage!.HostChooser.HostChooser();!defaultpackage!.HostChooser.pass
!defaultpackage!.HostChooser.HostChooser();!defaultpackage!.HostChooser.port
!defaultpackage!.HostChooser.HostChooser();!defaultpackage!.HostChooser.user
!defaultpackage!.HostChooser.HostChooser();!defaultpackage!.LoadSet.LoadSet()
!defaultpackage!.HostChooser.HostChooser();!defaultpackage!.LoadSet.loadSet(java.lang.String)
!defaultpackage!.HostChooser.HostChooser();!defaultpackage!.Settings.cachePass
!defaultpackage!.HostChooser.actionPerformed(java.awt.event.ActionEvent);!defaultpackage!.FtpConnection.FtpConnection(java.lang.String+java.lang.String+java.lang.String+int+java.lang.String+java.lang.String)
!defaultpackage!.HostChooser.actionPerformed(java.awt.event.ActionEvent);!defaultpackage!.HButton
!defaultpackage!.HostChooser.actionPerformed(java.awt.event.ActionEvent);!defaultpackage!.HPasswordField
!defaultpackage!.HostChooser.actionPerformed(java.awt.event.ActionEvent);!defaultpackage!.HPasswordField.getText()
!defaultpackage!.HostChooser.actionPerformed(java.awt.event.ActionEvent);!defaultpackage!.HTextField
!defaultpackage!.HostChooser.actionPerformed(java.awt.event.ActionEvent);!defaultpackage!.HTextField.getText()
!defaultpackage!.HostChooser.actionPerformed(java.awt.event.ActionEvent);!defaultpackage!.HostChooser.cwd
!defaultpackage!.HostChooser.actionPerformed(java.awt.event.ActionEvent);!defaultpackage!.HostChooser.host
!defaultpackage!.HostChooser.actionPerformed(java.awt.event.ActionEvent);!defaultpackage!.HostChooser.lcwd
!defaultpackage!.HostChooser.actionPerformed(java.awt.event.ActionEvent);!defaultpackage!.HostChooser.list
!defaultpackage!.HostChooser.actionPerformed(java.awt.event.ActionEvent);!defaultpackage!.HostChooser.ok
!defaultpackage!.HostChooser.actionPerformed(java.awt.event.ActionEvent);!defaultpackage!.HostChooser.pass
!defaultpackage!.HostChooser.actionPerformed(java.awt.event.ActionEvent);!defaultpackage!.HostChooser.port
!defaultpackage!.HostChooser.actionPerformed(java.awt.event.ActionEvent);!defaultpackage!.HostChooser.user
!defaultpackage!.HostChooser.actionPerformed(java.awt.event.ActionEvent);!defaultpackage!.HostList.HostList()
!defaultpackage!.HostChooser.actionPerformed(java.awt.event.ActionEvent);!defaultpackage!.JFtp.setHost(java.lang.String)
!defaultpackage!.HostChooser.actionPerformed(java.awt.event.ActionEvent);!defaultpackage!.Resource.cut(java.lang.String+java.lang.String)
!defaultpackage!.HostChooser.actionPerformed(java.awt.event.ActionEvent);!defaultpackage!.SaveSet.SaveSet(java.lang.String+java.lang.String+java.lang.String+java.lang.String+java.lang.String+java.lang.String+java.lang.String)
!defaultpackage!.HostChooser.cwd;!defaultpackage!.HTextField
!defaultpackage!.HostChooser.getInsets();!defaultpackage!.HFrame.getInsets()
!defaultpackage!.HostChooser.host;!defaultpackage!.HTextField
!defaultpackage!.HostChooser.lcwd;!defaultpackage!.HTextField
!defaultpackage!.HostChooser.list;!defaultpackage!.HButton
!defaultpackage!.HostChooser.listP;!defaultpackage!.HPanel
!defaultpackage!.HostChooser.ok;!defaultpackage!.HButton
!defaultpackage!.HostChooser.okP;!defaultpackage!.HPanel
!defaultpackage!.HostChooser.pass;!defaultpackage!.HPasswordField
!defaultpackage!.HostChooser.port;!defaultpackage!.HTextField
!defaultpackage!.HostChooser.static_{};!defaultpackage!.HPasswordField
!defaultpackage!.HostChooser.static_{};!defaultpackage!.HPasswordField.HPasswordField(java.lang.String+java.lang.String)
!defaultpackage!.HostChooser.static_{};!defaultpackage!.HTextField
!defaultpackage!.HostChooser.static_{};!defaultpackage!.HTextField.HTextField(java.lang.String+java.lang.String)
!defaultpackage!.HostChooser.static_{};!defaultpackage!.HostChooser.host
!defaultpackage!.HostChooser.static_{};!defaultpackage!.HostChooser.pass
!defaultpackage!.HostChooser.static_{};!defaultpackage!.HostChooser.user
!defaultpackage!.HostChooser.user;!defaultpackage!.HTextField
!defaultpackage!.HostList.HostList();!defaultpackage!.HButton
!defaultpackage!.HostList.HostList();!defaultpackage!.HButton.HButton(java.lang.String)
!defaultpackage!.HostList.HostList();!defaultpackage!.HFrame.HFrame()
!defaultpackage!.HostList.HostList();!defaultpackage!.HPanel
!defaultpackage!.HostList.HostList();!defaultpackage!.HPanel.HPanel()
!defaultpackage!.HostList.HostList();!defaultpackage!.HTextField
!defaultpackage!.HostList.HostList();!defaultpackage!.HTextField.HTextField(java.lang.String+java.lang.String)
!defaultpackage!.HostList.HostList();!defaultpackage!.HTextField.setText(java.lang.String)
!defaultpackage!.HostList.HostList();!defaultpackage!.HostList.host
!defaultpackage!.HostList.HostList();!defaultpackage!.HostList.ok
!defaultpackage!.HostList.HostList();!defaultpackage!.HostList.p
!defaultpackage!.HostList.HostList();!defaultpackage!.HostList.pass
!defaultpackage!.HostList.HostList();!defaultpackage!.HostList.save
!defaultpackage!.HostList.HostList();!defaultpackage!.HostList.user
!defaultpackage!.HostList.HostList();!defaultpackage!.HostList.x
!defaultpackage!.HostList.HostList();!defaultpackage!.LoadSet.LoadSet()
!defaultpackage!.HostList.HostList();!defaultpackage!.LoadSet.loadSet(java.lang.String)
!defaultpackage!.HostList.actionPerformed(java.awt.event.ActionEvent);!defaultpackage!.HButton
!defaultpackage!.HostList.actionPerformed(java.awt.event.ActionEvent);!defaultpackage!.HPasswordField
!defaultpackage!.HostList.actionPerformed(java.awt.event.ActionEvent);!defaultpackage!.HPasswordField.setText(java.lang.String)
!defaultpackage!.HostList.actionPerformed(java.awt.event.ActionEvent);!defaultpackage!.HTextField
!defaultpackage!.HostList.actionPerformed(java.awt.event.ActionEvent);!defaultpackage!.HTextField.getText()
!defaultpackage!.HostList.actionPerformed(java.awt.event.ActionEvent);!defaultpackage!.HTextField.setText(java.lang.String)
!defaultpackage!.HostList.actionPerformed(java.awt.event.ActionEvent);!defaultpackage!.HostChooser.host
!defaultpackage!.HostList.actionPerformed(java.awt.event.ActionEvent);!defaultpackage!.HostChooser.pass
!defaultpackage!.HostList.actionPerformed(java.awt.event.ActionEvent);!defaultpackage!.HostChooser.user
!defaultpackage!.HostList.actionPerformed(java.awt.event.ActionEvent);!defaultpackage!.HostList.host
!defaultpackage!.HostList.actionPerformed(java.awt.event.ActionEvent);!defaultpackage!.HostList.ok
!defaultpackage!.HostList.actionPerformed(java.awt.event.ActionEvent);!defaultpackage!.HostList.pass
!defaultpackage!.HostList.actionPerformed(java.awt.event.ActionEvent);!defaultpackage!.HostList.save
!defaultpackage!.HostList.actionPerformed(java.awt.event.ActionEvent);!defaultpackage!.HostList.user
!defaultpackage!.HostList.actionPerformed(java.awt.event.ActionEvent);!defaultpackage!.Resource.cut(java.lang.String+java.lang.String)
!defaultpackage!.HostList.actionPerformed(java.awt.event.ActionEvent);!defaultpackage!.SaveSet.SaveSet(java.lang.String+java.lang.String+java.lang.String+java.lang.String)
!defaultpackage!.HostList.host;!defaultpackage!.HTextField
!defaultpackage!.HostList.ok;!defaultpackage!.HButton
!defaultpackage!.HostList.p;!defaultpackage!.HPanel
!defaultpackage!.HostList.pass;!defaultpackage!.HTextField
!defaultpackage!.HostList.save;!defaultpackage!.HButton
!defaultpackage!.HostList.user;!defaultpackage!.HTextField
!defaultpackage!.JConnection.JConnection(java.lang.String+int);!defaultpackage!.JConnection.established
!defaultpackage!.JConnection.JConnection(java.lang.String+int);!defaultpackage!.JConnection.host
!defaultpackage!.JConnection.JConnection(java.lang.String+int);!defaultpackage!.JConnection.isOk
!defaultpackage!.JConnection.JConnection(java.lang.String+int);!defaultpackage!.JConnection.localPort
!defaultpackage!.JConnection.JConnection(java.lang.String+int);!defaultpackage!.JConnection.port
!defaultpackage!.JConnection.JConnection(java.lang.String+int);!defaultpackage!.JConnection.reciever
!defaultpackage!.JConnection.JConnection(java.lang.String+int);!defaultpackage!.JConnection.runner
!defaultpackage!.JConnection.JConnection(java.lang.String+int);!defaultpackage!.JConnection.timeout
!defaultpackage!.JConnection.getInetInputStream();!defaultpackage!.JConnection.in
!defaultpackage!.JConnection.getInetOutputStream();!defaultpackage!.JConnection.out
!defaultpackage!.JConnection.getLocalPort();!defaultpackage!.JConnection.localPort
!defaultpackage!.JConnection.isThere();!defaultpackage!.JConnection.established
!defaultpackage!.JConnection.isThere();!defaultpackage!.JConnection.isOk
!defaultpackage!.JConnection.isThere();!defaultpackage!.JConnection.pause(int)
!defaultpackage!.JConnection.isThere();!defaultpackage!.JConnection.timeout
!defaultpackage!.JConnection.pause(int);!defaultpackage!.JFtp.debugWrite(java.lang.String)
!defaultpackage!.JConnection.run();!defaultpackage!.JConnection.established
!defaultpackage!.JConnection.run();!defaultpackage!.JConnection.host
!defaultpackage!.JConnection.run();!defaultpackage!.JConnection.in
!defaultpackage!.JConnection.run();!defaultpackage!.JConnection.isOk
!defaultpackage!.JConnection.run();!defaultpackage!.JConnection.localPort
!defaultpackage!.JConnection.run();!defaultpackage!.JConnection.out
!defaultpackage!.JConnection.run();!defaultpackage!.JConnection.port
!defaultpackage!.JConnection.run();!defaultpackage!.JConnection.s
!defaultpackage!.JConnection.run();!defaultpackage!.JFtp.debugWrite(java.lang.String)
!defaultpackage!.JConnection.send(java.lang.String);!defaultpackage!.JConnection.out
!defaultpackage!.JConnection.send(java.lang.String);!defaultpackage!.JFtp.debugWrite(java.lang.String)
!defaultpackage!.JFtp.JFtp();!defaultpackage!.HImageButton
!defaultpackage!.JFtp.JFtp();!defaultpackage!.JFtp.dirP
!defaultpackage!.JFtp.JFtp();!defaultpackage!.JFtp.init()
!defaultpackage!.JFtp.JFtp();!defaultpackage!.JFtp.optP
!defaultpackage!.JFtp.JFtp();!defaultpackage!.JFtp.statusP
!defaultpackage!.JFtp.JFtp();!defaultpackage!.JFtp.workP
!defaultpackage!.JFtp.JFtp();!defaultpackage!.StatusPanel
!defaultpackage!.JFtp.JFtp();!defaultpackage!.StatusPanel.close
!defaultpackage!.JFtp.JFtp(boolean);!defaultpackage!.JFtp.dirP
!defaultpackage!.JFtp.JFtp(boolean);!defaultpackage!.JFtp.init()
!defaultpackage!.JFtp.JFtp(boolean);!defaultpackage!.JFtp.mainUsed
!defaultpackage!.JFtp.JFtp(boolean);!defaultpackage!.JFtp.optP
!defaultpackage!.JFtp.JFtp(boolean);!defaultpackage!.JFtp.workP
!defaultpackage!.JFtp.componentResized(java.awt.event.ComponentEvent);!defaultpackage!.DirPanel
!defaultpackage!.JFtp.componentResized(java.awt.event.ComponentEvent);!defaultpackage!.DirPanel.gui(boolean)
!defaultpackage!.JFtp.componentResized(java.awt.event.ComponentEvent);!defaultpackage!.JFtp.localDir
!defaultpackage!.JFtp.componentResized(java.awt.event.ComponentEvent);!defaultpackage!.JFtp.remoteDir
!defaultpackage!.JFtp.debugWrite(java.lang.String);!defaultpackage!.JFtp.log
!defaultpackage!.JFtp.debugWrite(java.lang.String);!defaultpackage!.JFtp.logSp
!defaultpackage!.JFtp.debugWrite(java.lang.String);!defaultpackage!.Settings.hideStatus
!defaultpackage!.JFtp.getHost();!defaultpackage!.JFtp.statusP
!defaultpackage!.JFtp.getHost();!defaultpackage!.StatusPanel
!defaultpackage!.JFtp.getHost();!defaultpackage!.StatusPanel.getHost()
!defaultpackage!.JFtp.getPort();!defaultpackage!.JFtp.porta
!defaultpackage!.JFtp.getPort();!defaultpackage!.JFtp.portb
!defaultpackage!.JFtp.getPortA();!defaultpackage!.JFtp.porta
!defaultpackage!.JFtp.getPortB();!defaultpackage!.JFtp.portb
!defaultpackage!.JFtp.hc;!defaultpackage!.HostChooser
!defaultpackage!.JFtp.incrementPort();!defaultpackage!.JFtp.portb
!defaultpackage!.JFtp.init();!defaultpackage!.DirPanel
!defaultpackage!.JFtp.init();!defaultpackage!.DirPanel.DirPanel(java.lang.String+java.lang.String)
!defaultpackage!.JFtp.init();!defaultpackage!.HPanel.HPanel()
!defaultpackage!.JFtp.init();!defaultpackage!.HostChooser
!defaultpackage!.JFtp.init();!defaultpackage!.HostChooser.HostChooser()
!defaultpackage!.JFtp.init();!defaultpackage!.JFtp.componentResized(java.awt.event.ComponentEvent)
!defaultpackage!.JFtp.init();!defaultpackage!.JFtp.dirP
!defaultpackage!.JFtp.init();!defaultpackage!.JFtp.hc
!defaultpackage!.JFtp.init();!defaultpackage!.JFtp.localDir
!defaultpackage!.JFtp.init();!defaultpackage!.JFtp.log
!defaultpackage!.JFtp.init();!defaultpackage!.JFtp.logSp
!defaultpackage!.JFtp.init();!defaultpackage!.JFtp.mainUsed
!defaultpackage!.JFtp.init();!defaultpackage!.JFtp.remoteDir
!defaultpackage!.JFtp.init();!defaultpackage!.JFtp.statusP
!defaultpackage!.JFtp.init();!defaultpackage!.Settings.back
!defaultpackage!.JFtp.init();!defaultpackage!.Settings.front
!defaultpackage!.JFtp.init();!defaultpackage!.Settings.mainBack
!defaultpackage!.JFtp.init();!defaultpackage!.StatusPanel
!defaultpackage!.JFtp.localDir;!defaultpackage!.DirPanel
!defaultpackage!.JFtp.localUpdate();!defaultpackage!.DirPanel
!defaultpackage!.JFtp.localUpdate();!defaultpackage!.DirPanel.path
!defaultpackage!.JFtp.localUpdate();!defaultpackage!.DirPanel.setPath(java.lang.String)
!defaultpackage!.JFtp.localUpdate();!defaultpackage!.JFtp.localDir
!defaultpackage!.JFtp.main(java.lang.String[]);!defaultpackage!.HImage.getImage(java.awt.Component+java.lang.String)
!defaultpackage!.JFtp.main(java.lang.String[]);!defaultpackage!.HostChooser
!defaultpackage!.JFtp.main(java.lang.String[]);!defaultpackage!.JFtp.JFtp(boolean)
!defaultpackage!.JFtp.main(java.lang.String[]);!defaultpackage!.JFtp.hc
!defaultpackage!.JFtp.main(java.lang.String[]);!defaultpackage!.Settings.font
!defaultpackage!.JFtp.main(java.lang.String[]);!defaultpackage!.Settings.iconImage
!defaultpackage!.JFtp.main(java.lang.String[]);!defaultpackage!.Settings.resize
!defaultpackage!.JFtp.remoteDir;!defaultpackage!.DirPanel
!defaultpackage!.JFtp.remoteUpdate();!defaultpackage!.DirPanel
!defaultpackage!.JFtp.remoteUpdate();!defaultpackage!.DirPanel.path
!defaultpackage!.JFtp.remoteUpdate();!defaultpackage!.DirPanel.setRemotePath(java.lang.String)
!defaultpackage!.JFtp.remoteUpdate();!defaultpackage!.JFtp.remoteDir
!defaultpackage!.JFtp.setHost(java.lang.String);!defaultpackage!.JFtp.statusP
!defaultpackage!.JFtp.setHost(java.lang.String);!defaultpackage!.StatusPanel
!defaultpackage!.JFtp.setHost(java.lang.String);!defaultpackage!.StatusPanel.setHost(java.lang.String)
!defaultpackage!.JFtp.static_{};!defaultpackage!.JFtp.mainUsed
!defaultpackage!.JFtp.static_{};!defaultpackage!.JFtp.porta
!defaultpackage!.JFtp.static_{};!defaultpackage!.JFtp.portb
!defaultpackage!.JFtp.static_{};!defaultpackage!.JFtp.statusL
!defaultpackage!.JFtp.static_{};!defaultpackage!.JFtp.statusP
!defaultpackage!.JFtp.static_{};!defaultpackage!.StatusPanel
!defaultpackage!.JFtp.static_{};!defaultpackage!.StatusPanel.StatusPanel()
!defaultpackage!.JFtp.statusP;!defaultpackage!.StatusPanel
!defaultpackage!.JFtp$1.run();!defaultpackage!.JFtp.access$000()
!defaultpackage!.LoadPanel.LoadPanel();!defaultpackage!.HButton
!defaultpackage!.LoadPanel.LoadPanel();!defaultpackage!.HButton.HButton(java.lang.String)
!defaultpackage!.LoadPanel.LoadPanel();!defaultpackage!.HPanel.HPanel()
!defaultpackage!.LoadPanel.LoadPanel();!defaultpackage!.LoadPanel.down
!defaultpackage!.LoadPanel.LoadPanel();!defaultpackage!.LoadPanel.leftButton
!defaultpackage!.LoadPanel.LoadPanel();!defaultpackage!.LoadPanel.lefticon
!defaultpackage!.LoadPanel.LoadPanel();!defaultpackage!.LoadPanel.rightButton
!defaultpackage!.LoadPanel.LoadPanel();!defaultpackage!.LoadPanel.righticon
!defaultpackage!.LoadPanel.LoadPanel();!defaultpackage!.LoadPanel.up
!defaultpackage!.LoadPanel.LoadPanel();!defaultpackage!.Settings.downloadImage
!defaultpackage!.LoadPanel.LoadPanel();!defaultpackage!.Settings.uploadImage
!defaultpackage!.LoadPanel.LoadPanel();!defaultpackage!.Template.Template()
!defaultpackage!.LoadPanel.actionPerformed(java.awt.event.ActionEvent);!defaultpackage!.LoadPanel.download()
!defaultpackage!.LoadPanel.actionPerformed(java.awt.event.ActionEvent);!defaultpackage!.LoadPanel.upload()
!defaultpackage!.LoadPanel.down;!defaultpackage!.HButton
!defaultpackage!.LoadPanel.download();!defaultpackage!.DirEntry
!defaultpackage!.LoadPanel.download();!defaultpackage!.DirEntry.file
!defaultpackage!.LoadPanel.download();!defaultpackage!.DirEntry.isDirectory()
!defaultpackage!.LoadPanel.download();!defaultpackage!.DirEntry.selected
!defaultpackage!.LoadPanel.download();!defaultpackage!.DirPanel
!defaultpackage!.LoadPanel.download();!defaultpackage!.DirPanel.dirEntry
!defaultpackage!.LoadPanel.download();!defaultpackage!.DirPanel.length
!defaultpackage!.LoadPanel.download();!defaultpackage!.DirPanel.path
!defaultpackage!.LoadPanel.download();!defaultpackage!.JFtp.debugWrite(java.lang.String)
!defaultpackage!.LoadPanel.download();!defaultpackage!.JFtp.remoteDir
!defaultpackage!.LoadPanel.download();!defaultpackage!.Resource.download(java.lang.String)
!defaultpackage!.LoadPanel.download();!defaultpackage!.Resource.downloadDir(java.lang.String+java.lang.String)
!defaultpackage!.LoadPanel.download(int);!defaultpackage!.DirEntry
!defaultpackage!.LoadPanel.download(int);!defaultpackage!.DirEntry.file
!defaultpackage!.LoadPanel.download(int);!defaultpackage!.DirPanel
!defaultpackage!.LoadPanel.download(int);!defaultpackage!.DirPanel.dirEntry
!defaultpackage!.LoadPanel.download(int);!defaultpackage!.JFtp.debugWrite(java.lang.String)
!defaultpackage!.LoadPanel.download(int);!defaultpackage!.JFtp.remoteDir
!defaultpackage!.LoadPanel.download(int);!defaultpackage!.Resource.download(java.lang.String)
!defaultpackage!.LoadPanel.up;!defaultpackage!.HButton
!defaultpackage!.LoadPanel.upload();!defaultpackage!.DirEntry
!defaultpackage!.LoadPanel.upload();!defaultpackage!.DirEntry.file
!defaultpackage!.LoadPanel.upload();!defaultpackage!.DirEntry.isDirectory()
!defaultpackage!.LoadPanel.upload();!defaultpackage!.DirEntry.selected
!defaultpackage!.LoadPanel.upload();!defaultpackage!.DirPanel
!defaultpackage!.LoadPanel.upload();!defaultpackage!.DirPanel.dirEntry
!defaultpackage!.LoadPanel.upload();!defaultpackage!.DirPanel.length
!defaultpackage!.LoadPanel.upload();!defaultpackage!.DirPanel.path
!defaultpackage!.LoadPanel.upload();!defaultpackage!.JFtp.debugWrite(java.lang.String)
!defaultpackage!.LoadPanel.upload();!defaultpackage!.JFtp.localDir
!defaultpackage!.LoadPanel.upload();!defaultpackage!.Resource.upload(java.lang.String)
!defaultpackage!.LoadPanel.upload();!defaultpackage!.Resource.uploadDir(java.lang.String+java.lang.String)
!defaultpackage!.LoadPanel.upload(int);!defaultpackage!.DirEntry
!defaultpackage!.LoadPanel.upload(int);!defaultpackage!.DirEntry.file
!defaultpackage!.LoadPanel.upload(int);!defaultpackage!.DirPanel
!defaultpackage!.LoadPanel.upload(int);!defaultpackage!.DirPanel.dirEntry
!defaultpackage!.LoadPanel.upload(int);!defaultpackage!.JFtp.debugWrite(java.lang.String)
!defaultpackage!.LoadPanel.upload(int);!defaultpackage!.JFtp.localDir
!defaultpackage!.LoadPanel.upload(int);!defaultpackage!.Resource.upload(java.lang.String)
!defaultpackage!.LoadSet.LoadSet();!defaultpackage!.LoadSet.in
!defaultpackage!.LoadSet.LoadSet();!defaultpackage!.LoadSet.result
!defaultpackage!.LoadSet.loadSet(java.lang.String);!defaultpackage!.JFtp.debugWrite(java.lang.String)
!defaultpackage!.LoadSet.loadSet(java.lang.String);!defaultpackage!.LoadSet.in
!defaultpackage!.LoadSet.loadSet(java.lang.String);!defaultpackage!.LoadSet.result
!defaultpackage!.PathChanger.PathChanger(java.lang.String);!defaultpackage!.HButton
!defaultpackage!.PathChanger.PathChanger(java.lang.String);!defaultpackage!.HButton.HButton(java.lang.String)
!defaultpackage!.PathChanger.PathChanger(java.lang.String);!defaultpackage!.HFrame.HFrame()
!defaultpackage!.PathChanger.PathChanger(java.lang.String);!defaultpackage!.HPanel
!defaultpackage!.PathChanger.PathChanger(java.lang.String);!defaultpackage!.HPanel.HPanel()
!defaultpackage!.PathChanger.PathChanger(java.lang.String);!defaultpackage!.HTextField
!defaultpackage!.PathChanger.PathChanger(java.lang.String);!defaultpackage!.HTextField.HTextField(java.lang.String+java.lang.String)
!defaultpackage!.PathChanger.PathChanger(java.lang.String);!defaultpackage!.PathChanger.ok
!defaultpackage!.PathChanger.PathChanger(java.lang.String);!defaultpackage!.PathChanger.okP
!defaultpackage!.PathChanger.PathChanger(java.lang.String);!defaultpackage!.PathChanger.text
!defaultpackage!.PathChanger.PathChanger(java.lang.String);!defaultpackage!.PathChanger.type
!defaultpackage!.PathChanger.actionPerformed(java.awt.event.ActionEvent);!defaultpackage!.DirPanel
!defaultpackage!.PathChanger.actionPerformed(java.awt.event.ActionEvent);!defaultpackage!.DirPanel.setPath(java.lang.String)
!defaultpackage!.PathChanger.actionPerformed(java.awt.event.ActionEvent);!defaultpackage!.DirPanel.setRemotePath(java.lang.String)
!defaultpackage!.PathChanger.actionPerformed(java.awt.event.ActionEvent);!defaultpackage!.HButton
!defaultpackage!.PathChanger.actionPerformed(java.awt.event.ActionEvent);!defaultpackage!.HTextField
!defaultpackage!.PathChanger.actionPerformed(java.awt.event.ActionEvent);!defaultpackage!.HTextField.getText()
!defaultpackage!.PathChanger.actionPerformed(java.awt.event.ActionEvent);!defaultpackage!.JFtp.localDir
!defaultpackage!.PathChanger.actionPerformed(java.awt.event.ActionEvent);!defaultpackage!.JFtp.remoteDir
!defaultpackage!.PathChanger.actionPerformed(java.awt.event.ActionEvent);!defaultpackage!.PathChanger.ok
!defaultpackage!.PathChanger.actionPerformed(java.awt.event.ActionEvent);!defaultpackage!.PathChanger.text
!defaultpackage!.PathChanger.actionPerformed(java.awt.event.ActionEvent);!defaultpackage!.PathChanger.type
!defaultpackage!.PathChanger.ok;!defaultpackage!.HButton
!defaultpackage!.PathChanger.okP;!defaultpackage!.HPanel
!defaultpackage!.PathChanger.text;!defaultpackage!.HTextField
!defaultpackage!.Properties.Properties(java.lang.String+java.lang.String);!defaultpackage!.HButton
!defaultpackage!.Properties.Properties(java.lang.String+java.lang.String);!defaultpackage!.HButton.HButton(java.lang.String)
!defaultpackage!.Properties.Properties(java.lang.String+java.lang.String);!defaultpackage!.HFrame.HFrame()
!defaultpackage!.Properties.Properties(java.lang.String+java.lang.String);!defaultpackage!.HPanel
!defaultpackage!.Properties.Properties(java.lang.String+java.lang.String);!defaultpackage!.HPanel.HPanel()
!defaultpackage!.Properties.Properties(java.lang.String+java.lang.String);!defaultpackage!.Properties.file
!defaultpackage!.Properties.Properties(java.lang.String+java.lang.String);!defaultpackage!.Properties.fileL
!defaultpackage!.Properties.Properties(java.lang.String+java.lang.String);!defaultpackage!.Properties.ok
!defaultpackage!.Properties.Properties(java.lang.String+java.lang.String);!defaultpackage!.Properties.okP
!defaultpackage!.Properties.Properties(java.lang.String+java.lang.String);!defaultpackage!.Properties.process()
!defaultpackage!.Properties.Properties(java.lang.String+java.lang.String);!defaultpackage!.Properties.sizeL
!defaultpackage!.Properties.Properties(java.lang.String+java.lang.String);!defaultpackage!.Properties.type
!defaultpackage!.Properties.actionPerformed(java.awt.event.ActionEvent);!defaultpackage!.HButton
!defaultpackage!.Properties.actionPerformed(java.awt.event.ActionEvent);!defaultpackage!.Properties.ok
!defaultpackage!.Properties.ok;!defaultpackage!.HButton
!defaultpackage!.Properties.okP;!defaultpackage!.HPanel
!defaultpackage!.Properties.process();!defaultpackage!.DirPanel
!defaultpackage!.Properties.process();!defaultpackage!.DirPanel.path
!defaultpackage!.Properties.process();!defaultpackage!.JFtp.debugWrite(java.lang.String)
!defaultpackage!.Properties.process();!defaultpackage!.JFtp.localDir
!defaultpackage!.Properties.process();!defaultpackage!.JFtp.remoteDir
!defaultpackage!.Properties.process();!defaultpackage!.Properties.file
!defaultpackage!.Properties.process();!defaultpackage!.Properties.fileL
!defaultpackage!.Properties.process();!defaultpackage!.Properties.sizeL
!defaultpackage!.Properties.process();!defaultpackage!.Properties.type
!defaultpackage!.RemoteCommand.RemoteCommand();!defaultpackage!.HButton
!defaultpackage!.RemoteCommand.RemoteCommand();!defaultpackage!.HButton.HButton(java.lang.String)
!defaultpackage!.RemoteCommand.RemoteCommand();!defaultpackage!.HFrame.HFrame()
!defaultpackage!.RemoteCommand.RemoteCommand();!defaultpackage!.HPanel
!defaultpackage!.RemoteCommand.RemoteCommand();!defaultpackage!.HPanel.HPanel()
!defaultpackage!.RemoteCommand.RemoteCommand();!defaultpackage!.HTextField
!defaultpackage!.RemoteCommand.RemoteCommand();!defaultpackage!.HTextField.HTextField(java.lang.String+java.lang.String)
!defaultpackage!.RemoteCommand.RemoteCommand();!defaultpackage!.RemoteCommand.ok
!defaultpackage!.RemoteCommand.RemoteCommand();!defaultpackage!.RemoteCommand.okP
!defaultpackage!.RemoteCommand.RemoteCommand();!defaultpackage!.RemoteCommand.text
!defaultpackage!.RemoteCommand.actionPerformed(java.awt.event.ActionEvent);!defaultpackage!.FtpConnection.jcon
!defaultpackage!.RemoteCommand.actionPerformed(java.awt.event.ActionEvent);!defaultpackage!.HButton
!defaultpackage!.RemoteCommand.actionPerformed(java.awt.event.ActionEvent);!defaultpackage!.HTextField
!defaultpackage!.RemoteCommand.actionPerformed(java.awt.event.ActionEvent);!defaultpackage!.HTextField.getText()
!defaultpackage!.RemoteCommand.actionPerformed(java.awt.event.ActionEvent);!defaultpackage!.JConnection
!defaultpackage!.RemoteCommand.actionPerformed(java.awt.event.ActionEvent);!defaultpackage!.JConnection.getInetInputStream()
!defaultpackage!.RemoteCommand.actionPerformed(java.awt.event.ActionEvent);!defaultpackage!.JConnection.send(java.lang.String)
!defaultpackage!.RemoteCommand.actionPerformed(java.awt.event.ActionEvent);!defaultpackage!.JFtp.debugWrite(java.lang.String)
!defaultpackage!.RemoteCommand.actionPerformed(java.awt.event.ActionEvent);!defaultpackage!.RemoteCommand.ok
!defaultpackage!.RemoteCommand.actionPerformed(java.awt.event.ActionEvent);!defaultpackage!.RemoteCommand.text
!defaultpackage!.RemoteCommand.actionPerformed(java.awt.event.ActionEvent);!defaultpackage!.Resource.getLine(java.lang.String)
!defaultpackage!.RemoteCommand.ok;!defaultpackage!.HButton
!defaultpackage!.RemoteCommand.okP;!defaultpackage!.HPanel
!defaultpackage!.RemoteCommand.text;!defaultpackage!.HTextField
!defaultpackage!.Remover.Remover(java.lang.String+java.lang.String+DirPanel);!defaultpackage!.DirPanel
!defaultpackage!.Remover.Remover(java.lang.String+java.lang.String+DirPanel);!defaultpackage!.HButton
!defaultpackage!.Remover.Remover(java.lang.String+java.lang.String+DirPanel);!defaultpackage!.HButton.HButton(java.lang.String)
!defaultpackage!.Remover.Remover(java.lang.String+java.lang.String+DirPanel);!defaultpackage!.HFrame.HFrame()
!defaultpackage!.Remover.Remover(java.lang.String+java.lang.String+DirPanel);!defaultpackage!.HPanel
!defaultpackage!.Remover.Remover(java.lang.String+java.lang.String+DirPanel);!defaultpackage!.HPanel.HPanel()
!defaultpackage!.Remover.Remover(java.lang.String+java.lang.String+DirPanel);!defaultpackage!.HTextField
!defaultpackage!.Remover.Remover(java.lang.String+java.lang.String+DirPanel);!defaultpackage!.HTextField.HTextField(java.lang.String+java.lang.String)
!defaultpackage!.Remover.Remover(java.lang.String+java.lang.String+DirPanel);!defaultpackage!.Remover.cancel
!defaultpackage!.Remover.Remover(java.lang.String+java.lang.String+DirPanel);!defaultpackage!.Remover.ok
!defaultpackage!.Remover.Remover(java.lang.String+java.lang.String+DirPanel);!defaultpackage!.Remover.okP
!defaultpackage!.Remover.Remover(java.lang.String+java.lang.String+DirPanel);!defaultpackage!.Remover.text
!defaultpackage!.Remover.Remover(java.lang.String+java.lang.String+DirPanel);!defaultpackage!.Remover.type
!defaultpackage!.Remover.Remover(java.lang.String+java.lang.String+DirPanel);!defaultpackage!.Remover.who
!defaultpackage!.Remover.actionPerformed(java.awt.event.ActionEvent);!defaultpackage!.AutoRemover.AutoRemover(java.lang.String+java.lang.String)
!defaultpackage!.Remover.actionPerformed(java.awt.event.ActionEvent);!defaultpackage!.DirPanel
!defaultpackage!.Remover.actionPerformed(java.awt.event.ActionEvent);!defaultpackage!.DirPanel.path
!defaultpackage!.Remover.actionPerformed(java.awt.event.ActionEvent);!defaultpackage!.DirPanel.setPath(java.lang.String)
!defaultpackage!.Remover.actionPerformed(java.awt.event.ActionEvent);!defaultpackage!.DirPanel.setRemotePath(java.lang.String)
!defaultpackage!.Remover.actionPerformed(java.awt.event.ActionEvent);!defaultpackage!.HButton
!defaultpackage!.Remover.actionPerformed(java.awt.event.ActionEvent);!defaultpackage!.HTextField
!defaultpackage!.Remover.actionPerformed(java.awt.event.ActionEvent);!defaultpackage!.HTextField.getText()
!defaultpackage!.Remover.actionPerformed(java.awt.event.ActionEvent);!defaultpackage!.Remover.cancel
!defaultpackage!.Remover.actionPerformed(java.awt.event.ActionEvent);!defaultpackage!.Remover.ok
!defaultpackage!.Remover.actionPerformed(java.awt.event.ActionEvent);!defaultpackage!.Remover.text
!defaultpackage!.Remover.actionPerformed(java.awt.event.ActionEvent);!defaultpackage!.Remover.type
!defaultpackage!.Remover.actionPerformed(java.awt.event.ActionEvent);!defaultpackage!.Remover.who
!defaultpackage!.Remover.cancel;!defaultpackage!.HButton
!defaultpackage!.Remover.ok;!defaultpackage!.HButton
!defaultpackage!.Remover.okP;!defaultpackage!.HPanel
!defaultpackage!.Remover.text;!defaultpackage!.HTextField
!defaultpackage!.Remover.who;!defaultpackage!.DirPanel
!defaultpackage!.RemoverQuery.RemoverQuery(java.lang.String+java.lang.String);!defaultpackage!.HButton
!defaultpackage!.RemoverQuery.RemoverQuery(java.lang.String+java.lang.String);!defaultpackage!.HButton.HButton(java.lang.String)
!defaultpackage!.RemoverQuery.RemoverQuery(java.lang.String+java.lang.String);!defaultpackage!.HFrame.HFrame()
!defaultpackage!.RemoverQuery.RemoverQuery(java.lang.String+java.lang.String);!defaultpackage!.RemoverQuery.cancel
!defaultpackage!.RemoverQuery.RemoverQuery(java.lang.String+java.lang.String);!defaultpackage!.RemoverQuery.file
!defaultpackage!.RemoverQuery.RemoverQuery(java.lang.String+java.lang.String);!defaultpackage!.RemoverQuery.ok
!defaultpackage!.RemoverQuery.RemoverQuery(java.lang.String+java.lang.String);!defaultpackage!.RemoverQuery.type
!defaultpackage!.RemoverQuery.actionPerformed(java.awt.event.ActionEvent);!defaultpackage!.AutoRemover.AutoRemover(java.lang.String+java.lang.String)
!defaultpackage!.RemoverQuery.actionPerformed(java.awt.event.ActionEvent);!defaultpackage!.HButton
!defaultpackage!.RemoverQuery.actionPerformed(java.awt.event.ActionEvent);!defaultpackage!.RemoverQuery.file
!defaultpackage!.RemoverQuery.actionPerformed(java.awt.event.ActionEvent);!defaultpackage!.RemoverQuery.ok
!defaultpackage!.RemoverQuery.actionPerformed(java.awt.event.ActionEvent);!defaultpackage!.RemoverQuery.type
!defaultpackage!.RemoverQuery.cancel;!defaultpackage!.HButton
!defaultpackage!.RemoverQuery.ok;!defaultpackage!.HButton
!defaultpackage!.Resource.cleanLocalDir(java.lang.String+java.lang.String);!defaultpackage!.Resource.removeStart(java.lang.String+java.lang.String)
!defaultpackage!.Resource.cleanRemoteDir(java.lang.String+java.lang.String);!defaultpackage!.DirLister.DirLister(java.lang.String+java.lang.String)
!defaultpackage!.Resource.cleanRemoteDir(java.lang.String+java.lang.String);!defaultpackage!.DirLister.list()
!defaultpackage!.Resource.cleanRemoteDir(java.lang.String+java.lang.String);!defaultpackage!.DirPanel
!defaultpackage!.Resource.cleanRemoteDir(java.lang.String+java.lang.String);!defaultpackage!.DirPanel.path
!defaultpackage!.Resource.cleanRemoteDir(java.lang.String+java.lang.String);!defaultpackage!.DirPanel.setRemotePath(java.lang.String)
!defaultpackage!.Resource.cleanRemoteDir(java.lang.String+java.lang.String);!defaultpackage!.JFtp.remoteDir
!defaultpackage!.Resource.cleanRemoteDir(java.lang.String+java.lang.String);!defaultpackage!.Resource.remoteCmd(java.lang.String)
!defaultpackage!.Resource.cleanRemoteDir(java.lang.String+java.lang.String);!defaultpackage!.Resource.removeStart(java.lang.String+java.lang.String)
!defaultpackage!.Resource.cut(java.lang.String+java.lang.String);!defaultpackage!.Resource.string(char)
!defaultpackage!.Resource.download(java.lang.String);!defaultpackage!.DataConnection.DataConnection(int+java.lang.String+java.lang.String+java.lang.String+boolean+java.awt.event.ActionListener)
!defaultpackage!.Resource.download(java.lang.String);!defaultpackage!.DataConnection.isThere
!defaultpackage!.Resource.download(java.lang.String);!defaultpackage!.DirPanel
!defaultpackage!.Resource.download(java.lang.String);!defaultpackage!.DirPanel.path
!defaultpackage!.Resource.download(java.lang.String);!defaultpackage!.FtpConnection.jcon
!defaultpackage!.Resource.download(java.lang.String);!defaultpackage!.JConnection
!defaultpackage!.Resource.download(java.lang.String);!defaultpackage!.JConnection.getInetInputStream()
!defaultpackage!.Resource.download(java.lang.String);!defaultpackage!.JConnection.send(java.lang.String)
!defaultpackage!.Resource.download(java.lang.String);!defaultpackage!.JFtp.debugWrite(java.lang.String)
!defaultpackage!.Resource.download(java.lang.String);!defaultpackage!.JFtp.getHost()
!defaultpackage!.Resource.download(java.lang.String);!defaultpackage!.JFtp.getPort()
!defaultpackage!.Resource.download(java.lang.String);!defaultpackage!.JFtp.getPortA()
!defaultpackage!.Resource.download(java.lang.String);!defaultpackage!.JFtp.getPortB()
!defaultpackage!.Resource.download(java.lang.String);!defaultpackage!.JFtp.incrementPort()
!defaultpackage!.Resource.download(java.lang.String);!defaultpackage!.JFtp.localDir
!defaultpackage!.Resource.download(java.lang.String);!defaultpackage!.Resource.getLine(java.lang.String)
!defaultpackage!.Resource.download(java.lang.String);!defaultpackage!.Resource.getPasvPort(java.lang.String)
!defaultpackage!.Resource.download(java.lang.String);!defaultpackage!.Resource.pause(int)
!defaultpackage!.Resource.download(java.lang.String);!defaultpackage!.Settings.ftpPasvMode
!defaultpackage!.Resource.download(java.lang.String);!defaultpackage!.Updater.Updater()
!defaultpackage!.Resource.downloadDir(java.lang.String+java.lang.String);!defaultpackage!.DirLister.DirLister(java.lang.String+java.lang.String)
!defaultpackage!.Resource.downloadDir(java.lang.String+java.lang.String);!defaultpackage!.DirLister.list()
!defaultpackage!.Resource.downloadDir(java.lang.String+java.lang.String);!defaultpackage!.DirPanel
!defaultpackage!.Resource.downloadDir(java.lang.String+java.lang.String);!defaultpackage!.DirPanel.path
!defaultpackage!.Resource.downloadDir(java.lang.String+java.lang.String);!defaultpackage!.DirPanel.setRemotePath(java.lang.String)
!defaultpackage!.Resource.downloadDir(java.lang.String+java.lang.String);!defaultpackage!.JFtp.debugWrite(java.lang.String)
!defaultpackage!.Resource.downloadDir(java.lang.String+java.lang.String);!defaultpackage!.JFtp.localDir
!defaultpackage!.Resource.downloadDir(java.lang.String+java.lang.String);!defaultpackage!.JFtp.remoteDir
!defaultpackage!.Resource.downloadDir(java.lang.String+java.lang.String);!defaultpackage!.Resource.download(java.lang.String)
!defaultpackage!.Resource.downloadDir(java.lang.String+java.lang.String);!defaultpackage!.Resource.removeStart(java.lang.String+java.lang.String)
!defaultpackage!.Resource.getFile(java.lang.String);!defaultpackage!.Resource.cutAfter(java.lang.String+char)
!defaultpackage!.Resource.getFile(java.lang.String);!defaultpackage!.Resource.strstr(java.lang.String+char)
!defaultpackage!.Resource.getLine(java.lang.String);!defaultpackage!.FtpConnection.jcon
!defaultpackage!.Resource.getLine(java.lang.String);!defaultpackage!.JConnection
!defaultpackage!.Resource.getLine(java.lang.String);!defaultpackage!.JConnection.getInetInputStream()
!defaultpackage!.Resource.getLine(java.lang.String);!defaultpackage!.JFtp.debugWrite(java.lang.String)
!defaultpackage!.Resource.getOsType(java.io.DataInputStream);!defaultpackage!.JFtp.debugWrite(java.lang.String)
!defaultpackage!.Resource.getPasvPort(java.lang.String);!defaultpackage!.JFtp.debugWrite(java.lang.String)
!defaultpackage!.Resource.getPasvPort(java.lang.String);!defaultpackage!.Resource.cutAfter(java.lang.String+char)
!defaultpackage!.Resource.remoteCmd(java.lang.String);!defaultpackage!.FtpConnection.jcon
!defaultpackage!.Resource.remoteCmd(java.lang.String);!defaultpackage!.JConnection
!defaultpackage!.Resource.remoteCmd(java.lang.String);!defaultpackage!.JConnection.getInetInputStream()
!defaultpackage!.Resource.remoteCmd(java.lang.String);!defaultpackage!.JConnection.send(java.lang.String)
!defaultpackage!.Resource.remoteCmd(java.lang.String);!defaultpackage!.Resource.getLine(java.lang.String)
!defaultpackage!.Resource.sortLs(java.lang.String);!defaultpackage!.JFtp.debugWrite(java.lang.String)
!defaultpackage!.Resource.sortLs(java.lang.String);!defaultpackage!.Resource.getOsType(java.io.DataInputStream)
!defaultpackage!.Resource.sortLs(java.lang.String);!defaultpackage!.Resource.giveFile(java.util.StringTokenizer+int)
!defaultpackage!.Resource.sortSize(java.lang.String);!defaultpackage!.JFtp.debugWrite(java.lang.String)
!defaultpackage!.Resource.sortSize(java.lang.String);!defaultpackage!.Resource.getOsType(java.io.DataInputStream)
!defaultpackage!.Resource.sortSize(java.lang.String);!defaultpackage!.Resource.giveSize(java.util.StringTokenizer+int)
!defaultpackage!.Resource.static_{};!defaultpackage!.Resource.statusMessageAfterBytes
!defaultpackage!.Resource.test(java.lang.String+int);!defaultpackage!.JConnection.JConnection(java.lang.String+int)
!defaultpackage!.Resource.test(java.lang.String+int);!defaultpackage!.JConnection.isThere()
!defaultpackage!.Resource.upload(java.lang.String);!defaultpackage!.DataConnection.DataConnection(int+java.lang.String+java.lang.String+java.lang.String+java.awt.event.ActionListener)
!defaultpackage!.Resource.upload(java.lang.String);!defaultpackage!.DataConnection.isThere
!defaultpackage!.Resource.upload(java.lang.String);!defaultpackage!.DirPanel
!defaultpackage!.Resource.upload(java.lang.String);!defaultpackage!.DirPanel.path
!defaultpackage!.Resource.upload(java.lang.String);!defaultpackage!.FtpConnection.jcon
!defaultpackage!.Resource.upload(java.lang.String);!defaultpackage!.JConnection
!defaultpackage!.Resource.upload(java.lang.String);!defaultpackage!.JConnection.getInetInputStream()
!defaultpackage!.Resource.upload(java.lang.String);!defaultpackage!.JConnection.send(java.lang.String)
!defaultpackage!.Resource.upload(java.lang.String);!defaultpackage!.JFtp.debugWrite(java.lang.String)
!defaultpackage!.Resource.upload(java.lang.String);!defaultpackage!.JFtp.getHost()
!defaultpackage!.Resource.upload(java.lang.String);!defaultpackage!.JFtp.getPort()
!defaultpackage!.Resource.upload(java.lang.String);!defaultpackage!.JFtp.getPortA()
!defaultpackage!.Resource.upload(java.lang.String);!defaultpackage!.JFtp.getPortB()
!defaultpackage!.Resource.upload(java.lang.String);!defaultpackage!.JFtp.incrementPort()
!defaultpackage!.Resource.upload(java.lang.String);!defaultpackage!.JFtp.localDir
!defaultpackage!.Resource.upload(java.lang.String);!defaultpackage!.Resource.getLine(java.lang.String)
!defaultpackage!.Resource.upload(java.lang.String);!defaultpackage!.Resource.getPasvPort(java.lang.String)
!defaultpackage!.Resource.upload(java.lang.String);!defaultpackage!.Resource.pause(int)
!defaultpackage!.Resource.upload(java.lang.String);!defaultpackage!.Settings.ftpPasvMode
!defaultpackage!.Resource.upload(java.lang.String);!defaultpackage!.Updater.Updater()
!defaultpackage!.Resource.uploadDir(java.lang.String+java.lang.String);!defaultpackage!.Resource.remoteCmd(java.lang.String)
!defaultpackage!.Resource.uploadDir(java.lang.String+java.lang.String);!defaultpackage!.Resource.removeStart(java.lang.String+java.lang.String)
!defaultpackage!.Resource.uploadDir(java.lang.String+java.lang.String);!defaultpackage!.Resource.upload(java.lang.String)
!defaultpackage!.SaveSet.SaveSet(java.lang.String+java.lang.String+java.lang.String+java.lang.String);!defaultpackage!.JFtp.debugWrite(java.lang.String)
!defaultpackage!.SaveSet.SaveSet(java.lang.String+java.lang.String+java.lang.String+java.lang.String);!defaultpackage!.SaveSet.out
!defaultpackage!.SaveSet.SaveSet(java.lang.String+java.lang.String+java.lang.String+java.lang.String);!defaultpackage!.Settings.cachePass
!defaultpackage!.SaveSet.SaveSet(java.lang.String+java.lang.String+java.lang.String+java.lang.String+java.lang.String+java.lang.String+java.lang.String);!defaultpackage!.JFtp.debugWrite(java.lang.String)
!defaultpackage!.SaveSet.SaveSet(java.lang.String+java.lang.String+java.lang.String+java.lang.String+java.lang.String+java.lang.String+java.lang.String);!defaultpackage!.SaveSet.out
!defaultpackage!.SaveSet.SaveSet(java.lang.String+java.lang.String+java.lang.String+java.lang.String+java.lang.String+java.lang.String+java.lang.String);!defaultpackage!.Settings.cachePass
!defaultpackage!.Settings.static_{};!defaultpackage!.Settings.activatedColor
!defaultpackage!.Settings.static_{};!defaultpackage!.Settings.active
!defaultpackage!.Settings.static_{};!defaultpackage!.Settings.activeColor
!defaultpackage!.Settings.static_{};!defaultpackage!.Settings.audioFileImage
!defaultpackage!.Settings.static_{};!defaultpackage!.Settings.back
!defaultpackage!.Settings.static_{};!defaultpackage!.Settings.blue
!defaultpackage!.Settings.static_{};!defaultpackage!.Settings.bookFileImage
!defaultpackage!.Settings.static_{};!defaultpackage!.Settings.cachePass
!defaultpackage!.Settings.static_{};!defaultpackage!.Settings.cdImage
!defaultpackage!.Settings.static_{};!defaultpackage!.Settings.closeImage
!defaultpackage!.Settings.static_{};!defaultpackage!.Settings.codeFileImage
!defaultpackage!.Settings.static_{};!defaultpackage!.Settings.deleteImage
!defaultpackage!.Settings.static_{};!defaultpackage!.Settings.dirImage
!defaultpackage!.Settings.static_{};!defaultpackage!.Settings.downloadImage
!defaultpackage!.Settings.static_{};!defaultpackage!.Settings.execFileImage
!defaultpackage!.Settings.static_{};!defaultpackage!.Settings.fileImage
!defaultpackage!.Settings.static_{};!defaultpackage!.Settings.font
!defaultpackage!.Settings.static_{};!defaultpackage!.Settings.front
!defaultpackage!.Settings.static_{};!defaultpackage!.Settings.ftpPasvMode
!defaultpackage!.Settings.static_{};!defaultpackage!.Settings.green
!defaultpackage!.Settings.static_{};!defaultpackage!.Settings.hideStatus
!defaultpackage!.Settings.static_{};!defaultpackage!.Settings.hostImage
!defaultpackage!.Settings.static_{};!defaultpackage!.Settings.htmlFileImage
!defaultpackage!.Settings.static_{};!defaultpackage!.Settings.iconImage
!defaultpackage!.Settings.static_{};!defaultpackage!.Settings.imageFileImage
!defaultpackage!.Settings.static_{};!defaultpackage!.Settings.infoImage
!defaultpackage!.Settings.static_{};!defaultpackage!.Settings.mainBack
!defaultpackage!.Settings.static_{};!defaultpackage!.Settings.menuFont
!defaultpackage!.Settings.static_{};!defaultpackage!.Settings.mkdirImage
!defaultpackage!.Settings.static_{};!defaultpackage!.Settings.numFiles
!defaultpackage!.Settings.static_{};!defaultpackage!.Settings.presentationFileImage
!defaultpackage!.Settings.static_{};!defaultpackage!.Settings.red
!defaultpackage!.Settings.static_{};!defaultpackage!.Settings.refreshImage
!defaultpackage!.Settings.static_{};!defaultpackage!.Settings.resize
!defaultpackage!.Settings.static_{};!defaultpackage!.Settings.rmdirImage
!defaultpackage!.Settings.static_{};!defaultpackage!.Settings.safeMode
!defaultpackage!.Settings.static_{};!defaultpackage!.Settings.scrollSpeed
!defaultpackage!.Settings.static_{};!defaultpackage!.Settings.sizeBack
!defaultpackage!.Settings.static_{};!defaultpackage!.Settings.small
!defaultpackage!.Settings.static_{};!defaultpackage!.Settings.spreadsheetFileImage
!defaultpackage!.Settings.static_{};!defaultpackage!.Settings.textFileImage
!defaultpackage!.Settings.static_{};!defaultpackage!.Settings.uploadImage
!defaultpackage!.Settings.static_{};!defaultpackage!.Settings.videoFileImage
!defaultpackage!.Settings.static_{};!defaultpackage!.Settings.white
!defaultpackage!.Settings.static_{};!defaultpackage!.Settings.zipFileImage
!defaultpackage!.StatusCanvas.StatusCanvas();!defaultpackage!.StatusCanvas.host
!defaultpackage!.StatusCanvas.StatusCanvas();!defaultpackage!.StatusCanvas.hx
!defaultpackage!.StatusCanvas.StatusCanvas();!defaultpackage!.StatusCanvas.text
!defaultpackage!.StatusCanvas.StatusCanvas();!defaultpackage!.StatusCanvas.tx
!defaultpackage!.StatusCanvas.StatusCanvas();!defaultpackage!.StatusCanvas.y
!defaultpackage!.StatusCanvas.paintComponent(java.awt.Graphics);!defaultpackage!.Settings.font
!defaultpackage!.StatusCanvas.paintComponent(java.awt.Graphics);!defaultpackage!.Settings.front
!defaultpackage!.StatusCanvas.paintComponent(java.awt.Graphics);!defaultpackage!.Settings.mainBack
!defaultpackage!.StatusCanvas.paintComponent(java.awt.Graphics);!defaultpackage!.StatusCanvas.host
!defaultpackage!.StatusCanvas.paintComponent(java.awt.Graphics);!defaultpackage!.StatusCanvas.hx
!defaultpackage!.StatusCanvas.paintComponent(java.awt.Graphics);!defaultpackage!.StatusCanvas.text
!defaultpackage!.StatusCanvas.paintComponent(java.awt.Graphics);!defaultpackage!.StatusCanvas.tx
!defaultpackage!.StatusCanvas.paintComponent(java.awt.Graphics);!defaultpackage!.StatusCanvas.y
!defaultpackage!.StatusCanvas.setHost(java.lang.String);!defaultpackage!.StatusCanvas.host
!defaultpackage!.StatusCanvas.setText(java.lang.String);!defaultpackage!.StatusCanvas.text
!defaultpackage!.StatusPanel.StatusPanel();!defaultpackage!.HImageButton
!defaultpackage!.StatusPanel.StatusPanel();!defaultpackage!.HImageButton.HImageButton(java.lang.String+java.lang.String+java.lang.String+java.awt.event.ActionListener)
!defaultpackage!.StatusPanel.StatusPanel();!defaultpackage!.HPanel.HPanel()
!defaultpackage!.StatusPanel.StatusPanel();!defaultpackage!.Settings.closeImage
!defaultpackage!.StatusPanel.StatusPanel();!defaultpackage!.Settings.hostImage
!defaultpackage!.StatusPanel.StatusPanel();!defaultpackage!.Settings.infoImage
!defaultpackage!.StatusPanel.StatusPanel();!defaultpackage!.Settings.menuFont
!defaultpackage!.StatusPanel.StatusPanel();!defaultpackage!.StatusCanvas
!defaultpackage!.StatusPanel.StatusPanel();!defaultpackage!.StatusCanvas.StatusCanvas()
!defaultpackage!.StatusPanel.StatusPanel();!defaultpackage!.StatusPanel.close
!defaultpackage!.StatusPanel.StatusPanel();!defaultpackage!.StatusPanel.info
!defaultpackage!.StatusPanel.StatusPanel();!defaultpackage!.StatusPanel.newcon
!defaultpackage!.StatusPanel.StatusPanel();!defaultpackage!.StatusPanel.status
!defaultpackage!.StatusPanel.actionPerformed(java.awt.event.ActionEvent);!defaultpackage!.Displayer.Displayer(java.net.URL)
!defaultpackage!.StatusPanel.actionPerformed(java.awt.event.ActionEvent);!defaultpackage!.HostChooser.HostChooser()
!defaultpackage!.StatusPanel.actionPerformed(java.awt.event.ActionEvent);!defaultpackage!.StatusPanel.class$(java.lang.String)
!defaultpackage!.StatusPanel.actionPerformed(java.awt.event.ActionEvent);!defaultpackage!.StatusPanel.class$HImage
!defaultpackage!.StatusPanel.close;!defaultpackage!.HImageButton
!defaultpackage!.StatusPanel.getHost();!defaultpackage!.StatusCanvas
!defaultpackage!.StatusPanel.getHost();!defaultpackage!.StatusCanvas.host
!defaultpackage!.StatusPanel.getHost();!defaultpackage!.StatusPanel.status
!defaultpackage!.StatusPanel.getInsets();!defaultpackage!.HPanel.getInsets()
!defaultpackage!.StatusPanel.info;!defaultpackage!.HImageButton
!defaultpackage!.StatusPanel.newcon;!defaultpackage!.HImageButton
!defaultpackage!.StatusPanel.setHost(java.lang.String);!defaultpackage!.StatusCanvas
!defaultpackage!.StatusPanel.setHost(java.lang.String);!defaultpackage!.StatusCanvas.host
!defaultpackage!.StatusPanel.setHost(java.lang.String);!defaultpackage!.StatusPanel.status
!defaultpackage!.StatusPanel.status;!defaultpackage!.StatusCanvas
!defaultpackage!.StatusPanel.status(java.lang.String);!defaultpackage!.StatusCanvas
!defaultpackage!.StatusPanel.status(java.lang.String);!defaultpackage!.StatusCanvas.setText(java.lang.String)
!defaultpackage!.StatusPanel.status(java.lang.String);!defaultpackage!.StatusPanel.status
!defaultpackage!.Template.Template();!defaultpackage!.HPanel.HPanel()
!defaultpackage!.Template.getInsets();!defaultpackage!.HPanel.getInsets()
!defaultpackage!.Updater.actionPerformed(java.awt.event.ActionEvent);!defaultpackage!.JFtp.debugWrite(java.lang.String)
!defaultpackage!.Updater.actionPerformed(java.awt.event.ActionEvent);!defaultpackage!.JFtp.localUpdate()
!defaultpackage!.Updater.actionPerformed(java.awt.event.ActionEvent);!defaultpackage!.JFtp.remoteUpdate()
