org.apache.maven;org.apache.maven.jelly
org.apache.maven;org.apache.maven.plugin
org.apache.maven;org.apache.maven.project
org.apache.maven;org.apache.maven.repository
org.apache.maven;org.apache.maven.util
org.apache.maven.artifact.deployer;org.apache.maven
org.apache.maven.artifact.deployer;org.apache.maven.deploy
org.apache.maven.artifact.deployer;org.apache.maven.jelly
org.apache.maven.artifact.deployer;org.apache.maven.project
org.apache.maven.artifact.deployer;org.apache.maven.repository
org.apache.maven.artifact.deployer;org.apache.maven.util
org.apache.maven.changelog;org.apache.maven.project
org.apache.maven.changelog;org.apache.maven.util
org.apache.maven.clearcaselib;org.apache.maven.changelog
org.apache.maven.cli;org.apache.maven
org.apache.maven.cli;org.apache.maven.jelly
org.apache.maven.cli;org.apache.maven.project
org.apache.maven.cli;org.apache.maven.verifier
org.apache.maven.cvslib;org.apache.maven.changelog
org.apache.maven.cvslib;org.apache.maven.project
org.apache.maven.cvslib;org.apache.maven.util
org.apache.maven.deploy;org.apache.maven.deploy.deployers
org.apache.maven.deploy;org.apache.maven.deploy.exceptions
org.apache.maven.deploy.deployers;org.apache.maven.deploy
org.apache.maven.deploy.deployers;org.apache.maven.deploy.exceptions
org.apache.maven.deploy.deployers;org.apache.maven.deploy.util
org.apache.maven.dist;org.apache.maven
org.apache.maven.dist;org.apache.maven.project
org.apache.maven.dist;org.apache.maven.repository
org.apache.maven.hibernate.jelly;org.apache.maven.hibernate.beans
org.apache.maven.j2ee;org.apache.maven.j2ee.war
org.apache.maven.jelly;org.apache.maven
org.apache.maven.jelly;org.apache.maven.jelly.tags.jeez
org.apache.maven.jelly;org.apache.maven.jelly.tags.maven
org.apache.maven.jelly;org.apache.maven.project
org.apache.maven.jelly.tags;org.apache.maven.jelly
org.apache.maven.jelly.tags.maven;org.apache.maven
org.apache.maven.jelly.tags.maven;org.apache.maven.jelly
org.apache.maven.jelly.tags.maven;org.apache.maven.jelly.tags
org.apache.maven.jelly.tags.maven;org.apache.maven.plugin
org.apache.maven.jelly.tags.maven;org.apache.maven.project
org.apache.maven.jelly.tags.werkz;org.apache.maven.jelly
org.apache.maven.jelly.tags.werkz;org.apache.maven.plugin
org.apache.maven.jelly.tags.werkz;org.apache.maven.project
org.apache.maven.jira;org.apache.maven.jelly
org.apache.maven.jira;org.apache.maven.project
org.apache.maven.jxr;org.apache.maven.jxr.pacman
org.apache.maven.jxr;org.apache.maven.jxr.util
org.apache.maven.linkcheck;org.apache.maven.jelly
org.apache.maven.linkcheck;org.apache.maven.linkcheck.validation
org.apache.maven.linkcheck;org.apache.maven.project
org.apache.maven.multiproject.harmonizer;org.apache.maven.project
org.apache.maven.perforcelib;org.apache.maven.changelog
org.apache.maven.plugin;org.apache.maven
org.apache.maven.plugin;org.apache.maven.jelly
org.apache.maven.plugin;org.apache.maven.project
org.apache.maven.plugin;org.apache.maven.repository
org.apache.maven.plugin;org.apache.maven.util
org.apache.maven.project;org.apache.maven
org.apache.maven.project;org.apache.maven.jelly
org.apache.maven.project;org.apache.maven.plugin
org.apache.maven.project;org.apache.maven.util
org.apache.maven.project;org.apache.maven.verifier
org.apache.maven.release;org.apache.maven.jelly
org.apache.maven.release;org.apache.maven.project
org.apache.maven.release;org.apache.maven.util
org.apache.maven.release.jelly;org.apache.maven.jelly
org.apache.maven.release.jelly;org.apache.maven.project
org.apache.maven.release.jelly;org.apache.maven.release
org.apache.maven.repository;org.apache.maven
org.apache.maven.repository;org.apache.maven.project
org.apache.maven.repository;org.apache.maven.util
org.apache.maven.repository;org.apache.maven.verifier
org.apache.maven.starteamlib;org.apache.maven.changelog
org.apache.maven.struts;org.apache.maven.j2ee
org.apache.maven.svnlib;org.apache.maven.changelog
org.apache.maven.util;org.apache.maven.project
org.apache.maven.verifier;org.apache.maven
org.apache.maven.verifier;org.apache.maven.jelly
org.apache.maven.verifier;org.apache.maven.project
org.apache.maven.verifier;org.apache.maven.repository
org.apache.maven.verifier;org.apache.maven.util
