org.apache.maven.AbstractMavenComponent;org.apache.maven.MavenUtils
org.apache.maven.AbstractMavenComponent;org.apache.maven.project.Project
org.apache.maven.AntProjectBuilder;org.apache.maven.jelly.JellyBuildListener
org.apache.maven.AntProjectBuilder;org.apache.maven.jelly.JellyPropsHandler
org.apache.maven.AntProjectBuilder;org.apache.maven.jelly.MavenJellyContext
org.apache.maven.AntProjectBuilder;org.apache.maven.project.Project
org.apache.maven.ArtifactListBuilder;org.apache.maven.jelly.MavenJellyContext
org.apache.maven.ArtifactListBuilder;org.apache.maven.project.Dependency
org.apache.maven.ArtifactListBuilder;org.apache.maven.project.Project
org.apache.maven.ArtifactListBuilder;org.apache.maven.repository.Artifact
org.apache.maven.ArtifactListBuilder;org.apache.maven.repository.DefaultArtifactFactory
org.apache.maven.ContentValidator;org.apache.maven.ContentNotice
org.apache.maven.ContentValidator;org.apache.maven.project.Project
org.apache.maven.DependencyClasspathBuilder;org.apache.maven.project.Dependency
org.apache.maven.DependencyClasspathBuilder;org.apache.maven.project.Project
org.apache.maven.DependencyClasspathBuilder;org.apache.maven.repository.Artifact
org.apache.maven.DependencyDescriberBean;org.apache.maven.DescribedDependency
org.apache.maven.DependencyDescriberBean;org.apache.maven.MavenUtils
org.apache.maven.DependencyDescriberBean;org.apache.maven.jelly.MavenJellyContext
org.apache.maven.DependencyDescriberBean;org.apache.maven.project.Dependency
org.apache.maven.DependencyDescriberBean;org.apache.maven.project.Project
org.apache.maven.DescribedDependency;org.apache.maven.project.BaseObject
org.apache.maven.DescribedDependency;org.apache.maven.project.Dependency
org.apache.maven.GoalException;org.apache.maven.MavenException
org.apache.maven.MavenSession;org.apache.maven.AbstractMavenComponent
org.apache.maven.MavenSession;org.apache.maven.MavenException
org.apache.maven.MavenSession;org.apache.maven.MavenUtils
org.apache.maven.MavenSession;org.apache.maven.jelly.MavenJellyContext
org.apache.maven.MavenSession;org.apache.maven.plugin.PluginManager
org.apache.maven.MavenSession;org.apache.maven.project.BaseObject
org.apache.maven.MavenSession;org.apache.maven.project.Project
org.apache.maven.MavenUtils;org.apache.maven.MavenException
org.apache.maven.MavenUtils;org.apache.maven.MavenUtils$MetaPropertiesRule
org.apache.maven.MavenUtils;org.apache.maven.jelly.JellyUtils
org.apache.maven.MavenUtils;org.apache.maven.jelly.MavenJellyContext
org.apache.maven.MavenUtils;org.apache.maven.project.Project
org.apache.maven.MavenUtils;org.apache.maven.util.StringInputStream
org.apache.maven.MavenUtils$MetaPropertiesRule;org.apache.maven.project.BaseObject
org.apache.maven.NoGoalException;org.apache.maven.GoalException
org.apache.maven.UnknownGoalException;org.apache.maven.GoalException
org.apache.maven.artifact.deployer.ArtifactDeployer;org.apache.maven.MavenException
org.apache.maven.artifact.deployer.ArtifactDeployer;org.apache.maven.project.Project
org.apache.maven.artifact.deployer.ArtifactDeployer;org.apache.maven.repository.ArtifactTypeHandler
org.apache.maven.artifact.deployer.DefaultArtifactDeployer;org.apache.maven.MavenException
org.apache.maven.artifact.deployer.DefaultArtifactDeployer;org.apache.maven.artifact.deployer.ArtifactDeployer
org.apache.maven.artifact.deployer.DefaultArtifactDeployer;org.apache.maven.artifact.deployer.RepositoryInfoBuilder
org.apache.maven.artifact.deployer.DefaultArtifactDeployer;org.apache.maven.deploy.DeployTool
org.apache.maven.artifact.deployer.DefaultArtifactDeployer;org.apache.maven.deploy.RepositoryInfo
org.apache.maven.artifact.deployer.DefaultArtifactDeployer;org.apache.maven.jelly.MavenJellyContext
org.apache.maven.artifact.deployer.DefaultArtifactDeployer;org.apache.maven.project.Project
org.apache.maven.artifact.deployer.DefaultArtifactDeployer;org.apache.maven.repository.ArtifactTypeHandler
org.apache.maven.artifact.deployer.DefaultArtifactDeployer;org.apache.maven.repository.DefaultArtifactTypeHandler
org.apache.maven.artifact.deployer.DefaultArtifactDeployer;org.apache.maven.util.MD5Sum
org.apache.maven.artifact.deployer.DeployBean;org.apache.maven.MavenException
org.apache.maven.artifact.deployer.DeployBean;org.apache.maven.artifact.deployer.ArtifactDeployer
org.apache.maven.artifact.deployer.DeployBean;org.apache.maven.artifact.deployer.DefaultArtifactDeployer
org.apache.maven.artifact.deployer.DeployBean;org.apache.maven.project.Project
org.apache.maven.artifact.deployer.DeployBean;org.apache.maven.repository.ArtifactTypeHandler
org.apache.maven.artifact.deployer.DeployBean;org.apache.maven.repository.DefaultArtifactTypeHandler
org.apache.maven.artifact.deployer.RepositoryInfoBuilder;org.apache.maven.deploy.RepositoryInfo
org.apache.maven.artifact.deployer.RepositoryInfoBuilder;org.apache.maven.jelly.MavenJellyContext
org.apache.maven.artifact.deployer.RepositoryInfoBuilder;org.apache.maven.project.Project
org.apache.maven.ashkelon.PackageTool;org.apache.maven.ashkelon.PackageTool$1
org.apache.maven.ashkelon.PackageTool;org.apache.maven.ashkelon.PackageTool$2
org.apache.maven.ashkelon.PackageTool$2;org.apache.maven.ashkelon.PackageTool
org.apache.maven.changelog.AbstractChangeLogGenerator;org.apache.maven.changelog.ChangeLog
org.apache.maven.changelog.AbstractChangeLogGenerator;org.apache.maven.changelog.ChangeLogGenerator
org.apache.maven.changelog.AbstractChangeLogGenerator;org.apache.maven.changelog.ChangeLogParser
org.apache.maven.changelog.AbstractChangeLogGenerator;org.apache.maven.util.AsyncStreamReader
org.apache.maven.changelog.ChangeLog;org.apache.maven.changelog.ChangeLogEntry
org.apache.maven.changelog.ChangeLog;org.apache.maven.changelog.ChangeLogFactory
org.apache.maven.changelog.ChangeLog;org.apache.maven.changelog.ChangeLogGenerator
org.apache.maven.changelog.ChangeLog;org.apache.maven.changelog.ChangeLogParser
org.apache.maven.changelog.ChangeLog;org.apache.maven.project.BaseObject
org.apache.maven.changelog.ChangeLog;org.apache.maven.project.Developer
org.apache.maven.changelog.ChangeLogEntry;org.apache.maven.changelog.ChangeLogFile
org.apache.maven.changelog.ChangeLogFactory;org.apache.maven.changelog.ChangeLogGenerator
org.apache.maven.changelog.ChangeLogFactory;org.apache.maven.changelog.ChangeLogParser
org.apache.maven.changelog.ChangeLogGenerator;org.apache.maven.changelog.ChangeLog
org.apache.maven.changelog.ChangeLogGenerator;org.apache.maven.changelog.ChangeLogParser
org.apache.maven.changelog.ChangeLogParser;org.apache.maven.changelog.ChangeLog
org.apache.maven.clearcaselib.ClearcaseChangeLogFactory;org.apache.maven.changelog.ChangeLogFactory
org.apache.maven.clearcaselib.ClearcaseChangeLogFactory;org.apache.maven.changelog.ChangeLogGenerator
org.apache.maven.clearcaselib.ClearcaseChangeLogFactory;org.apache.maven.changelog.ChangeLogParser
org.apache.maven.clearcaselib.ClearcaseChangeLogFactory;org.apache.maven.clearcaselib.ClearcaseChangeLogGenerator
org.apache.maven.clearcaselib.ClearcaseChangeLogFactory;org.apache.maven.clearcaselib.ClearcaseChangeLogParser
org.apache.maven.clearcaselib.ClearcaseChangeLogGenerator;org.apache.maven.changelog.AbstractChangeLogGenerator
org.apache.maven.clearcaselib.ClearcaseChangeLogParser;org.apache.maven.changelog.ChangeLog
org.apache.maven.clearcaselib.ClearcaseChangeLogParser;org.apache.maven.changelog.ChangeLogEntry
org.apache.maven.clearcaselib.ClearcaseChangeLogParser;org.apache.maven.changelog.ChangeLogFile
org.apache.maven.clearcaselib.ClearcaseChangeLogParser;org.apache.maven.changelog.ChangeLogParser
org.apache.maven.cli.App;org.apache.maven.MavenException
org.apache.maven.cli.App;org.apache.maven.MavenSession
org.apache.maven.cli.App;org.apache.maven.MavenUtils
org.apache.maven.cli.App;org.apache.maven.NoGoalException
org.apache.maven.cli.App;org.apache.maven.UnknownGoalException
org.apache.maven.cli.App;org.apache.maven.cli.CLIManager
org.apache.maven.cli.App;org.apache.maven.jelly.MavenJellyContext
org.apache.maven.cli.App;org.apache.maven.project.Project
org.apache.maven.cli.App;org.apache.maven.verifier.ChecksumVerificationException
org.apache.maven.cli.App;org.apache.maven.verifier.RepoConfigException
org.apache.maven.cli.App;org.apache.maven.verifier.UnsatisfiedDependencyException
org.apache.maven.cvslib.CvsChangeLogFactory;org.apache.maven.changelog.ChangeLogFactory
org.apache.maven.cvslib.CvsChangeLogFactory;org.apache.maven.changelog.ChangeLogGenerator
org.apache.maven.cvslib.CvsChangeLogFactory;org.apache.maven.changelog.ChangeLogParser
org.apache.maven.cvslib.CvsChangeLogFactory;org.apache.maven.cvslib.CvsChangeLogGenerator
org.apache.maven.cvslib.CvsChangeLogFactory;org.apache.maven.cvslib.CvsChangeLogParser
org.apache.maven.cvslib.CvsChangeLogGenerator;org.apache.maven.changelog.AbstractChangeLogGenerator
org.apache.maven.cvslib.CvsChangeLogGenerator;org.apache.maven.changelog.ChangeLog
org.apache.maven.cvslib.CvsChangeLogGenerator;org.apache.maven.changelog.ChangeLogParser
org.apache.maven.cvslib.CvsChangeLogGenerator;org.apache.maven.cvslib.CvsChangeLogGenerator$CvsAsyncErrorReader
org.apache.maven.cvslib.CvsChangeLogGenerator;org.apache.maven.cvslib.CvsConnection
org.apache.maven.cvslib.CvsChangeLogGenerator;org.apache.maven.cvslib.CvsLogListener
org.apache.maven.cvslib.CvsChangeLogGenerator;org.apache.maven.project.Repository
org.apache.maven.cvslib.CvsChangeLogGenerator;org.apache.maven.util.AsyncStreamReader
org.apache.maven.cvslib.CvsChangeLogGenerator$CvsAsyncErrorReader;org.apache.maven.util.AsyncStreamReader
org.apache.maven.cvslib.CvsChangeLogParser;org.apache.maven.changelog.ChangeLog
org.apache.maven.cvslib.CvsChangeLogParser;org.apache.maven.changelog.ChangeLogEntry
org.apache.maven.cvslib.CvsChangeLogParser;org.apache.maven.changelog.ChangeLogFile
org.apache.maven.cvslib.CvsChangeLogParser;org.apache.maven.changelog.ChangeLogParser
org.apache.maven.deploy.DeployTool;org.apache.maven.deploy.DeployRequest
org.apache.maven.deploy.DeployTool;org.apache.maven.deploy.RepositoryInfo
org.apache.maven.deploy.DeployTool;org.apache.maven.deploy.deployers.Deployer
org.apache.maven.deploy.DeployTool;org.apache.maven.deploy.deployers.ExternalDeployer
org.apache.maven.deploy.DeployTool;org.apache.maven.deploy.deployers.FileDeployer
org.apache.maven.deploy.DeployTool;org.apache.maven.deploy.deployers.FtpDeployer
org.apache.maven.deploy.DeployTool;org.apache.maven.deploy.deployers.HttpDeployer
org.apache.maven.deploy.DeployTool;org.apache.maven.deploy.deployers.SFtpDeployer
org.apache.maven.deploy.DeployTool;org.apache.maven.deploy.deployers.ScpDeployer
org.apache.maven.deploy.DeployTool;org.apache.maven.deploy.exceptions.AuthenticationException
org.apache.maven.deploy.DeployTool;org.apache.maven.deploy.exceptions.TransferFailedException
org.apache.maven.deploy.DeployTool;org.apache.maven.deploy.exceptions.UnsupportedProtocolException
org.apache.maven.deploy.deployers.AbstractDeployer;org.apache.maven.deploy.DeployRequest
org.apache.maven.deploy.deployers.AbstractDeployer;org.apache.maven.deploy.RepositoryInfo
org.apache.maven.deploy.deployers.AbstractDeployer;org.apache.maven.deploy.deployers.Deployer
org.apache.maven.deploy.deployers.AbstractDeployer;org.apache.maven.deploy.exceptions.AuthenticationException
org.apache.maven.deploy.deployers.AbstractDeployer;org.apache.maven.deploy.exceptions.TransferFailedException
org.apache.maven.deploy.deployers.Deployer;org.apache.maven.deploy.DeployRequest
org.apache.maven.deploy.deployers.Deployer;org.apache.maven.deploy.RepositoryInfo
org.apache.maven.deploy.deployers.Deployer;org.apache.maven.deploy.exceptions.AuthenticationException
org.apache.maven.deploy.deployers.Deployer;org.apache.maven.deploy.exceptions.TransferFailedException
org.apache.maven.deploy.deployers.ExternalDeployer;org.apache.maven.deploy.DeployRequest
org.apache.maven.deploy.deployers.ExternalDeployer;org.apache.maven.deploy.RepositoryInfo
org.apache.maven.deploy.deployers.ExternalDeployer;org.apache.maven.deploy.deployers.AbstractDeployer
org.apache.maven.deploy.deployers.ExternalDeployer;org.apache.maven.deploy.exceptions.AuthenticationException
org.apache.maven.deploy.deployers.ExternalDeployer;org.apache.maven.deploy.exceptions.TransferFailedException
org.apache.maven.deploy.deployers.FileDeployer;org.apache.maven.deploy.DeployRequest
org.apache.maven.deploy.deployers.FileDeployer;org.apache.maven.deploy.RepositoryInfo
org.apache.maven.deploy.deployers.FileDeployer;org.apache.maven.deploy.deployers.AbstractDeployer
org.apache.maven.deploy.deployers.FileDeployer;org.apache.maven.deploy.exceptions.TransferFailedException
org.apache.maven.deploy.deployers.FtpDeployer;org.apache.maven.deploy.DeployRequest
org.apache.maven.deploy.deployers.FtpDeployer;org.apache.maven.deploy.RepositoryInfo
org.apache.maven.deploy.deployers.FtpDeployer;org.apache.maven.deploy.deployers.AbstractDeployer
org.apache.maven.deploy.deployers.FtpDeployer;org.apache.maven.deploy.deployers.FtpDeployer$PrintCommandListener
org.apache.maven.deploy.deployers.FtpDeployer;org.apache.maven.deploy.exceptions.AuthenticationException
org.apache.maven.deploy.deployers.FtpDeployer;org.apache.maven.deploy.exceptions.TransferFailedException
org.apache.maven.deploy.deployers.FtpDeployer$PrintCommandListener;org.apache.maven.deploy.deployers.FtpDeployer
org.apache.maven.deploy.deployers.GenericSshDeployer;org.apache.maven.deploy.RepositoryInfo
org.apache.maven.deploy.deployers.GenericSshDeployer;org.apache.maven.deploy.deployers.AbstractDeployer
org.apache.maven.deploy.deployers.GenericSshDeployer;org.apache.maven.deploy.deployers.GenericSshDeployer$MavenUserInfo
org.apache.maven.deploy.deployers.GenericSshDeployer;org.apache.maven.deploy.exceptions.AuthenticationException
org.apache.maven.deploy.deployers.GenericSshDeployer$MavenUserInfo;org.apache.maven.deploy.RepositoryInfo
org.apache.maven.deploy.deployers.GenericSshDeployer$MavenUserInfo;org.apache.maven.deploy.deployers.GenericSshDeployer
org.apache.maven.deploy.deployers.HttpDeployer;org.apache.maven.deploy.DeployRequest
org.apache.maven.deploy.deployers.HttpDeployer;org.apache.maven.deploy.RepositoryInfo
org.apache.maven.deploy.deployers.HttpDeployer;org.apache.maven.deploy.deployers.AbstractDeployer
org.apache.maven.deploy.deployers.HttpDeployer;org.apache.maven.deploy.exceptions.TransferFailedException
org.apache.maven.deploy.deployers.SFtpDeployer;org.apache.maven.deploy.DeployRequest
org.apache.maven.deploy.deployers.SFtpDeployer;org.apache.maven.deploy.RepositoryInfo
org.apache.maven.deploy.deployers.SFtpDeployer;org.apache.maven.deploy.deployers.GenericSshDeployer
org.apache.maven.deploy.deployers.SFtpDeployer;org.apache.maven.deploy.deployers.SFtpDeployer$ProgressMonitor
org.apache.maven.deploy.deployers.SFtpDeployer;org.apache.maven.deploy.exceptions.AuthenticationException
org.apache.maven.deploy.deployers.SFtpDeployer;org.apache.maven.deploy.exceptions.TransferFailedException
org.apache.maven.deploy.deployers.SFtpDeployer$ProgressMonitor;org.apache.maven.deploy.deployers.SFtpDeployer
org.apache.maven.deploy.deployers.ScpDeployer;org.apache.maven.deploy.DeployRequest
org.apache.maven.deploy.deployers.ScpDeployer;org.apache.maven.deploy.RepositoryInfo
org.apache.maven.deploy.deployers.ScpDeployer;org.apache.maven.deploy.deployers.AbstractDeployer
org.apache.maven.deploy.deployers.ScpDeployer;org.apache.maven.deploy.deployers.GenericSshDeployer
org.apache.maven.deploy.deployers.ScpDeployer;org.apache.maven.deploy.exceptions.AuthenticationException
org.apache.maven.deploy.deployers.ScpDeployer;org.apache.maven.deploy.exceptions.TransferFailedException
org.apache.maven.deploy.deployers.ScpDeployer;org.apache.maven.deploy.util.Packager
org.apache.maven.deploy.exceptions.AuthenticationException;org.apache.maven.deploy.exceptions.DeployException
org.apache.maven.deploy.exceptions.TransferFailedException;org.apache.maven.deploy.exceptions.DeployException
org.apache.maven.deploy.exceptions.UnsupportedProtocolException;org.apache.maven.deploy.exceptions.DeployException
org.apache.maven.dist.DistributionArtifactTypeHandler;org.apache.maven.MavenException
org.apache.maven.dist.DistributionArtifactTypeHandler;org.apache.maven.project.Project
org.apache.maven.dist.DistributionArtifactTypeHandler;org.apache.maven.repository.ArtifactTypeHandler
org.apache.maven.hibernate.jelly.SchemaExportTag;org.apache.maven.hibernate.beans.SchemaExportBean
org.apache.maven.j2ee.ValidationBroadcaster;org.apache.maven.j2ee.ValidationEvent
org.apache.maven.j2ee.ValidationBroadcaster;org.apache.maven.j2ee.ValidationListener
org.apache.maven.j2ee.ValidationFormatter;org.apache.maven.j2ee.ValidationEvent
org.apache.maven.j2ee.ValidationFormatter;org.apache.maven.j2ee.ValidationListener
org.apache.maven.j2ee.ValidationListener;org.apache.maven.j2ee.ValidationEvent
org.apache.maven.j2ee.ValidationStatusListener;org.apache.maven.j2ee.ValidationEvent
org.apache.maven.j2ee.ValidationStatusListener;org.apache.maven.j2ee.ValidationListener
org.apache.maven.j2ee.WarClassLoader;org.apache.maven.j2ee.WarFile
org.apache.maven.j2ee.WarFile;org.apache.maven.j2ee.J2EEEntityResolver
org.apache.maven.j2ee.WarFile;org.apache.maven.j2ee.war.FormLoginConfig
org.apache.maven.j2ee.WarValidator;org.apache.maven.j2ee.ValidationBroadcaster
org.apache.maven.j2ee.WarValidator;org.apache.maven.j2ee.ValidationEvent
org.apache.maven.j2ee.WarValidator;org.apache.maven.j2ee.ValidationFormatter
org.apache.maven.j2ee.WarValidator;org.apache.maven.j2ee.ValidationListener
org.apache.maven.j2ee.WarValidator;org.apache.maven.j2ee.ValidationStatusListener
org.apache.maven.j2ee.WarValidator;org.apache.maven.j2ee.WarClassLoader
org.apache.maven.j2ee.WarValidator;org.apache.maven.j2ee.WarFile
org.apache.maven.j2ee.WarValidator;org.apache.maven.j2ee.war.FormLoginConfig
org.apache.maven.javacc.JJTreeBean;org.apache.maven.javacc.BaseBean
org.apache.maven.javacc.JavaccBean;org.apache.maven.javacc.BaseBean
org.apache.maven.jcoveragereport.Clazz;org.apache.maven.jcoveragereport.Line
org.apache.maven.jcoveragereport.ClazzComparator;org.apache.maven.jcoveragereport.Clazz
org.apache.maven.jcoveragereport.Coverage;org.apache.maven.jcoveragereport.Clazz
org.apache.maven.jcoveragereport.Coverage;org.apache.maven.jcoveragereport.ClazzComparator
org.apache.maven.jcoveragereport.Coverage;org.apache.maven.jcoveragereport.Package
org.apache.maven.jcoveragereport.Coverage;org.apache.maven.jcoveragereport.PackageComparator
org.apache.maven.jcoveragereport.CoverageReport;org.apache.maven.jcoveragereport.Clazz
org.apache.maven.jcoveragereport.CoverageReport;org.apache.maven.jcoveragereport.Coverage
org.apache.maven.jcoveragereport.CoverageReport;org.apache.maven.jcoveragereport.JavaToHtml
org.apache.maven.jcoveragereport.CoverageReport;org.apache.maven.jcoveragereport.Line
org.apache.maven.jcoveragereport.CoverageReport;org.apache.maven.jcoveragereport.Package
org.apache.maven.jcoveragereport.CoverageReportGenerator;org.apache.maven.jcoveragereport.Coverage
org.apache.maven.jcoveragereport.CoverageReportGenerator;org.apache.maven.jcoveragereport.CoverageReport
org.apache.maven.jcoveragereport.CoverageReportGenerator;org.apache.maven.jcoveragereport.CoverageUnmarshaller
org.apache.maven.jcoveragereport.CoverageUnmarshaller;org.apache.maven.jcoveragereport.Clazz
org.apache.maven.jcoveragereport.CoverageUnmarshaller;org.apache.maven.jcoveragereport.Coverage
org.apache.maven.jcoveragereport.CoverageUnmarshaller;org.apache.maven.jcoveragereport.Line
org.apache.maven.jcoveragereport.Main;org.apache.maven.jcoveragereport.CoverageReportGenerator
org.apache.maven.jcoveragereport.Package;org.apache.maven.jcoveragereport.Clazz
org.apache.maven.jcoveragereport.Package;org.apache.maven.jcoveragereport.ClazzComparator
org.apache.maven.jcoveragereport.PackageComparator;org.apache.maven.jcoveragereport.Package
org.apache.maven.jelly.JellyUtils;org.apache.maven.jelly.MavenExpressionFactory
org.apache.maven.jelly.JellyUtils;org.apache.maven.jelly.MavenJellyContext
org.apache.maven.jelly.MavenExpressionFactory;org.apache.maven.jelly.MavenExpressionFactory$1
org.apache.maven.jelly.MavenExpressionFactory$1;org.apache.maven.jelly.JellyUtils
org.apache.maven.jelly.MavenExpressionFactory$1;org.apache.maven.jelly.MavenExpressionFactory
org.apache.maven.jelly.MavenJellyContext;org.apache.maven.MavenSession
org.apache.maven.jelly.MavenJellyContext;org.apache.maven.jelly.tags.jeez.MavenJeezTagLibrary
org.apache.maven.jelly.MavenJellyContext;org.apache.maven.jelly.tags.maven.MavenTagLibrary
org.apache.maven.jelly.MavenJellyContext;org.apache.maven.project.Project
org.apache.maven.jelly.tags.BaseTagSupport;org.apache.maven.jelly.MavenJellyContext
org.apache.maven.jelly.tags.jeez.JeezTagLibrary;org.apache.maven.jelly.tags.jeez.JeezTagLibrary$1
org.apache.maven.jelly.tags.jeez.JeezTagLibrary;org.apache.maven.jelly.tags.jeez.JeezTagLibrary$2
org.apache.maven.jelly.tags.jeez.JeezTagLibrary;org.apache.maven.jelly.tags.jeez.JeezTagLibrary$3
org.apache.maven.jelly.tags.jeez.JeezTagLibrary$1;org.apache.maven.jelly.tags.jeez.JeezTagLibrary
org.apache.maven.jelly.tags.jeez.JeezTagLibrary$1;org.apache.maven.jelly.tags.jeez.TagDefTag
org.apache.maven.jelly.tags.jeez.JeezTagLibrary$2;org.apache.maven.jelly.tags.jeez.JeezTagLibrary
org.apache.maven.jelly.tags.jeez.JeezTagLibrary$2;org.apache.maven.jelly.tags.jeez.TargetTag
org.apache.maven.jelly.tags.jeez.JeezTagLibrary$3;org.apache.maven.jelly.tags.jeez.JeezTagLibrary
org.apache.maven.jelly.tags.jeez.MavenJeezTagLibrary;org.apache.maven.jelly.tags.jeez.JeezTagLibrary
org.apache.maven.jelly.tags.maven.AddPathTag;org.apache.maven.jelly.MavenJellyContext
org.apache.maven.jelly.tags.maven.AddPathTag;org.apache.maven.jelly.tags.BaseTagSupport
org.apache.maven.jelly.tags.maven.ConcatTag;org.apache.maven.jelly.tags.BaseTagSupport
org.apache.maven.jelly.tags.maven.ConcatTag;org.apache.maven.jelly.tags.maven.MavenTag
org.apache.maven.jelly.tags.maven.CopyResources;org.apache.maven.jelly.MavenJellyContext
org.apache.maven.jelly.tags.maven.CopyResources;org.apache.maven.jelly.tags.BaseTagSupport
org.apache.maven.jelly.tags.maven.CopyResources;org.apache.maven.project.Resource
org.apache.maven.jelly.tags.maven.DependencyResolver;org.apache.maven.jelly.tags.maven.DependencyResolverInterface
org.apache.maven.jelly.tags.maven.DependencyResolver;org.apache.maven.jelly.tags.maven.WerkzDependencyResolver
org.apache.maven.jelly.tags.maven.DependencyResolver;org.apache.maven.project.Project
org.apache.maven.jelly.tags.maven.DependencyResolverInterface;org.apache.maven.project.Project
org.apache.maven.jelly.tags.maven.GetTag;org.apache.maven.jelly.MavenJellyContext
org.apache.maven.jelly.tags.maven.GetTag;org.apache.maven.jelly.tags.BaseTagSupport
org.apache.maven.jelly.tags.maven.GetTag;org.apache.maven.plugin.UnknownPluginException
org.apache.maven.jelly.tags.maven.GetTag;org.apache.maven.project.Project
org.apache.maven.jelly.tags.maven.GraphDependencyResolver;org.apache.maven.jelly.tags.maven.DependencyResolverInterface
org.apache.maven.jelly.tags.maven.GraphDependencyResolver;org.apache.maven.project.BaseObject
org.apache.maven.jelly.tags.maven.GraphDependencyResolver;org.apache.maven.project.Dependency
org.apache.maven.jelly.tags.maven.GraphDependencyResolver;org.apache.maven.project.Project
org.apache.maven.jelly.tags.maven.InputTag;org.apache.maven.jelly.tags.maven.ConcatTag
org.apache.maven.jelly.tags.maven.InputTag;org.apache.maven.jelly.tags.maven.MavenTag
org.apache.maven.jelly.tags.maven.InstallPluginTag;org.apache.maven.MavenSession
org.apache.maven.jelly.tags.maven.InstallPluginTag;org.apache.maven.jelly.MavenJellyContext
org.apache.maven.jelly.tags.maven.InstallPluginTag;org.apache.maven.jelly.tags.BaseTagSupport
org.apache.maven.jelly.tags.maven.InstallPluginTag;org.apache.maven.plugin.PluginManager
org.apache.maven.jelly.tags.maven.InstallPluginTag;org.apache.maven.project.Project
org.apache.maven.jelly.tags.maven.MakeAbsolutePathTag;org.apache.maven.MavenUtils
org.apache.maven.jelly.tags.maven.MakeAbsolutePathTag;org.apache.maven.jelly.tags.BaseTagSupport
org.apache.maven.jelly.tags.maven.MakeRelativePathTag;org.apache.maven.MavenUtils
org.apache.maven.jelly.tags.maven.MakeRelativePathTag;org.apache.maven.jelly.tags.BaseTagSupport
org.apache.maven.jelly.tags.maven.MavenTag;org.apache.maven.MavenSession
org.apache.maven.jelly.tags.maven.MavenTag;org.apache.maven.MavenUtils
org.apache.maven.jelly.tags.maven.MavenTag;org.apache.maven.jelly.MavenJellyContext
org.apache.maven.jelly.tags.maven.MavenTag;org.apache.maven.jelly.tags.BaseTagSupport
org.apache.maven.jelly.tags.maven.MavenTag;org.apache.maven.plugin.PluginManager
org.apache.maven.jelly.tags.maven.MavenTag;org.apache.maven.project.Project
org.apache.maven.jelly.tags.maven.MavenTagLibrary;org.apache.maven.jelly.tags.BaseTagLibrary
org.apache.maven.jelly.tags.maven.ParamCheck;org.apache.maven.jelly.tags.BaseTagSupport
org.apache.maven.jelly.tags.maven.PluginVarTag;org.apache.maven.jelly.MavenJellyContext
org.apache.maven.jelly.tags.maven.PluginVarTag;org.apache.maven.jelly.tags.BaseTagSupport
org.apache.maven.jelly.tags.maven.PluginVarTag;org.apache.maven.plugin.UnknownPluginException
org.apache.maven.jelly.tags.maven.PluginVarTag;org.apache.maven.project.Project
org.apache.maven.jelly.tags.maven.PomTag;org.apache.maven.MavenUtils
org.apache.maven.jelly.tags.maven.PomTag;org.apache.maven.jelly.MavenJellyContext
org.apache.maven.jelly.tags.maven.PomTag;org.apache.maven.jelly.tags.BaseTagSupport
org.apache.maven.jelly.tags.maven.PomTag;org.apache.maven.project.Project
org.apache.maven.jelly.tags.maven.ProjectGoal;org.apache.maven.project.Project
org.apache.maven.jelly.tags.maven.PropertyTag;org.apache.maven.jelly.MavenJellyContext
org.apache.maven.jelly.tags.maven.PropertyTag;org.apache.maven.jelly.tags.BaseTagSupport
org.apache.maven.jelly.tags.maven.ReactorTag;org.apache.maven.MavenSession
org.apache.maven.jelly.tags.maven.ReactorTag;org.apache.maven.MavenUtils
org.apache.maven.jelly.tags.maven.ReactorTag;org.apache.maven.jelly.MavenJellyContext
org.apache.maven.jelly.tags.maven.ReactorTag;org.apache.maven.jelly.tags.BaseTagSupport
org.apache.maven.jelly.tags.maven.ReactorTag;org.apache.maven.jelly.tags.maven.DependencyResolver
org.apache.maven.jelly.tags.maven.ReactorTag;org.apache.maven.jelly.tags.maven.MavenTag
org.apache.maven.jelly.tags.maven.ReactorTag;org.apache.maven.project.BaseObject
org.apache.maven.jelly.tags.maven.ReactorTag;org.apache.maven.project.Project
org.apache.maven.jelly.tags.maven.RootRelativePathTag;org.apache.maven.jelly.tags.BaseTagSupport
org.apache.maven.jelly.tags.maven.SetTag;org.apache.maven.jelly.MavenJellyContext
org.apache.maven.jelly.tags.maven.SetTag;org.apache.maven.jelly.tags.BaseTagSupport
org.apache.maven.jelly.tags.maven.SetTag;org.apache.maven.plugin.UnknownPluginException
org.apache.maven.jelly.tags.maven.SetTag;org.apache.maven.project.Project
org.apache.maven.jelly.tags.maven.SnapshotSignature;org.apache.maven.jelly.tags.BaseTagSupport
org.apache.maven.jelly.tags.maven.SnapshotSignature;org.apache.maven.project.Project
org.apache.maven.jelly.tags.maven.UninstallPluginTag;org.apache.maven.MavenSession
org.apache.maven.jelly.tags.maven.UninstallPluginTag;org.apache.maven.jelly.MavenJellyContext
org.apache.maven.jelly.tags.maven.UninstallPluginTag;org.apache.maven.jelly.tags.BaseTagSupport
org.apache.maven.jelly.tags.maven.UninstallPluginTag;org.apache.maven.plugin.PluginManager
org.apache.maven.jelly.tags.maven.UserCheck;org.apache.maven.jelly.tags.BaseTagSupport
org.apache.maven.jelly.tags.maven.WerkzDependencyResolver;org.apache.maven.jelly.tags.maven.DependencyResolverInterface
org.apache.maven.jelly.tags.maven.WerkzDependencyResolver;org.apache.maven.jelly.tags.maven.DummyAction
org.apache.maven.jelly.tags.maven.WerkzDependencyResolver;org.apache.maven.jelly.tags.maven.ListAddAction
org.apache.maven.jelly.tags.maven.WerkzDependencyResolver;org.apache.maven.jelly.tags.maven.ProjectGoal
org.apache.maven.jelly.tags.maven.WerkzDependencyResolver;org.apache.maven.project.BaseObject
org.apache.maven.jelly.tags.maven.WerkzDependencyResolver;org.apache.maven.project.Dependency
org.apache.maven.jelly.tags.maven.WerkzDependencyResolver;org.apache.maven.project.Project
org.apache.maven.jelly.tags.werkz.MavenAttainGoalTag;org.apache.maven.jelly.MavenJellyContext
org.apache.maven.jelly.tags.werkz.MavenAttainGoalTag;org.apache.maven.plugin.GoalToJellyScriptHousingMapper
org.apache.maven.jelly.tags.werkz.MavenAttainGoalTag;org.apache.maven.plugin.PluginManager
org.apache.maven.jelly.tags.werkz.MavenGoalTag;org.apache.maven.jelly.MavenJellyContext
org.apache.maven.jelly.tags.werkz.MavenGoalTag;org.apache.maven.jelly.tags.werkz.MavenGoalTag$MavenGoalAction
org.apache.maven.jelly.tags.werkz.MavenGoalTag;org.apache.maven.plugin.JellyScriptHousing
org.apache.maven.jelly.tags.werkz.MavenGoalTag$MavenGoalAction;org.apache.maven.jelly.MavenJellyContext
org.apache.maven.jelly.tags.werkz.MavenGoalTag$MavenGoalAction;org.apache.maven.jelly.tags.werkz.MavenGoalTag
org.apache.maven.jelly.tags.werkz.MavenGoalTag$MavenGoalAction;org.apache.maven.plugin.JellyScriptHousing
org.apache.maven.jelly.tags.werkz.MavenGoalTag$MavenGoalAction;org.apache.maven.project.Project
org.apache.maven.jellydoc.TagXMLDoclet;org.apache.maven.jellydoc.TagXMLDoclet$1
org.apache.maven.jellydoc.TagXMLDoclet$1;org.apache.maven.jellydoc.TagXMLDoclet
org.apache.maven.jira.JiraDownloader;org.apache.maven.jelly.MavenJellyContext
org.apache.maven.jira.JiraDownloader;org.apache.maven.project.Project
org.apache.maven.jxr.CodeTransform;org.apache.maven.jxr.pacman.BaseType
org.apache.maven.jxr.CodeTransform;org.apache.maven.jxr.pacman.ClassType
org.apache.maven.jxr.CodeTransform;org.apache.maven.jxr.pacman.FileManager
org.apache.maven.jxr.CodeTransform;org.apache.maven.jxr.pacman.ImportType
org.apache.maven.jxr.CodeTransform;org.apache.maven.jxr.pacman.JavaFile
org.apache.maven.jxr.CodeTransform;org.apache.maven.jxr.pacman.PackageManager
org.apache.maven.jxr.CodeTransform;org.apache.maven.jxr.pacman.PackageType
org.apache.maven.jxr.CodeTransform;org.apache.maven.jxr.util.SimpleWordTokenizer
org.apache.maven.jxr.CodeTransform;org.apache.maven.jxr.util.StringEntry
org.apache.maven.jxr.DirectoryIndexer;org.apache.maven.jxr.pacman.BaseType
org.apache.maven.jxr.DirectoryIndexer;org.apache.maven.jxr.pacman.ClassType
org.apache.maven.jxr.DirectoryIndexer;org.apache.maven.jxr.pacman.PackageManager
org.apache.maven.jxr.DirectoryIndexer;org.apache.maven.jxr.pacman.PackageType
org.apache.maven.jxr.JXR;org.apache.maven.jxr.CodeTransform
org.apache.maven.jxr.JXR;org.apache.maven.jxr.pacman.PackageManager
org.apache.maven.jxr.JxrBean;org.apache.maven.jxr.DirectoryIndexer
org.apache.maven.jxr.JxrBean;org.apache.maven.jxr.JXR
org.apache.maven.jxr.JxrBean;org.apache.maven.jxr.pacman.PackageManager
org.apache.maven.jxr.pacman.ClassType;org.apache.maven.jxr.pacman.BaseType
org.apache.maven.jxr.pacman.FileManager;org.apache.maven.jxr.pacman.JavaFile
org.apache.maven.jxr.pacman.FileManager;org.apache.maven.jxr.pacman.JavaFileImpl
org.apache.maven.jxr.pacman.ImportType;org.apache.maven.jxr.pacman.BaseType
org.apache.maven.jxr.pacman.JavaFile;org.apache.maven.jxr.pacman.ClassType
org.apache.maven.jxr.pacman.JavaFile;org.apache.maven.jxr.pacman.ImportType
org.apache.maven.jxr.pacman.JavaFile;org.apache.maven.jxr.pacman.PackageType
org.apache.maven.jxr.pacman.JavaFileImpl;org.apache.maven.jxr.pacman.ClassType
org.apache.maven.jxr.pacman.JavaFileImpl;org.apache.maven.jxr.pacman.ImportType
org.apache.maven.jxr.pacman.JavaFileImpl;org.apache.maven.jxr.pacman.JavaFile
org.apache.maven.jxr.pacman.JavaFileImpl;org.apache.maven.jxr.pacman.PackageType
org.apache.maven.jxr.pacman.PackageManager;org.apache.maven.jxr.pacman.BaseType
org.apache.maven.jxr.pacman.PackageManager;org.apache.maven.jxr.pacman.ClassType
org.apache.maven.jxr.pacman.PackageManager;org.apache.maven.jxr.pacman.FileManager
org.apache.maven.jxr.pacman.PackageManager;org.apache.maven.jxr.pacman.JavaFile
org.apache.maven.jxr.pacman.PackageManager;org.apache.maven.jxr.pacman.PackageType
org.apache.maven.jxr.pacman.PackageType;org.apache.maven.jxr.pacman.BaseType
org.apache.maven.jxr.pacman.PackageType;org.apache.maven.jxr.pacman.ClassType
org.apache.maven.jxr.util.SimpleWordTokenizer;org.apache.maven.jxr.util.StringEntry
org.apache.maven.linkcheck.FileToCheck;org.apache.maven.linkcheck.LinkCheckResult
org.apache.maven.linkcheck.FileToCheck;org.apache.maven.linkcheck.validation.LinkValidationItem
org.apache.maven.linkcheck.FileToCheck;org.apache.maven.linkcheck.validation.LinkValidationResult
org.apache.maven.linkcheck.FileToCheck;org.apache.maven.linkcheck.validation.LinkValidatorManager
org.apache.maven.linkcheck.LinkCheck;org.apache.maven.jelly.MavenJellyContext
org.apache.maven.linkcheck.LinkCheck;org.apache.maven.linkcheck.FileToCheck
org.apache.maven.linkcheck.LinkCheck;org.apache.maven.linkcheck.LinkCheck$1
org.apache.maven.linkcheck.LinkCheck;org.apache.maven.linkcheck.validation.FileLinkValidator
org.apache.maven.linkcheck.LinkCheck;org.apache.maven.linkcheck.validation.HTTPLinkValidator
org.apache.maven.linkcheck.LinkCheck;org.apache.maven.linkcheck.validation.LinkValidator
org.apache.maven.linkcheck.LinkCheck;org.apache.maven.linkcheck.validation.LinkValidatorManager
org.apache.maven.linkcheck.LinkCheck;org.apache.maven.linkcheck.validation.MailtoLinkValidator
org.apache.maven.linkcheck.LinkCheck;org.apache.maven.project.Project
org.apache.maven.linkcheck.LinkCheck$1;org.apache.maven.linkcheck.LinkCheck
org.apache.maven.linkcheck.LinkCheckCli;org.apache.maven.jelly.MavenJellyContext
org.apache.maven.linkcheck.LinkCheckCli;org.apache.maven.linkcheck.LinkCheck
org.apache.maven.linkcheck.LinkCheckCli;org.apache.maven.project.Project
org.apache.maven.linkcheck.validation.FileLinkValidator;org.apache.maven.linkcheck.validation.LinkValidationItem
org.apache.maven.linkcheck.validation.FileLinkValidator;org.apache.maven.linkcheck.validation.LinkValidationResult
org.apache.maven.linkcheck.validation.FileLinkValidator;org.apache.maven.linkcheck.validation.LinkValidator
org.apache.maven.linkcheck.validation.HTTPLinkValidator;org.apache.maven.linkcheck.validation.LinkValidationItem
org.apache.maven.linkcheck.validation.HTTPLinkValidator;org.apache.maven.linkcheck.validation.LinkValidationResult
org.apache.maven.linkcheck.validation.HTTPLinkValidator;org.apache.maven.linkcheck.validation.LinkValidator
org.apache.maven.linkcheck.validation.LinkValidator;org.apache.maven.linkcheck.validation.LinkValidationItem
org.apache.maven.linkcheck.validation.LinkValidator;org.apache.maven.linkcheck.validation.LinkValidationResult
org.apache.maven.linkcheck.validation.LinkValidatorCache;org.apache.maven.linkcheck.validation.LinkValidationItem
org.apache.maven.linkcheck.validation.LinkValidatorCache;org.apache.maven.linkcheck.validation.LinkValidationResult
org.apache.maven.linkcheck.validation.LinkValidatorCache;org.apache.maven.linkcheck.validation.LinkValidator
org.apache.maven.linkcheck.validation.LinkValidatorCache;org.apache.maven.linkcheck.validation.LinkValidatorManager
org.apache.maven.linkcheck.validation.LinkValidatorManager;org.apache.maven.linkcheck.validation.LinkValidationItem
org.apache.maven.linkcheck.validation.LinkValidatorManager;org.apache.maven.linkcheck.validation.LinkValidationResult
org.apache.maven.linkcheck.validation.LinkValidatorManager;org.apache.maven.linkcheck.validation.LinkValidator
org.apache.maven.linkcheck.validation.LinkValidatorManager;org.apache.maven.linkcheck.validation.LinkValidatorCache
org.apache.maven.linkcheck.validation.MailtoLinkValidator;org.apache.maven.linkcheck.validation.LinkValidationItem
org.apache.maven.linkcheck.validation.MailtoLinkValidator;org.apache.maven.linkcheck.validation.LinkValidationResult
org.apache.maven.linkcheck.validation.MailtoLinkValidator;org.apache.maven.linkcheck.validation.LinkValidator
org.apache.maven.multiproject.harmonizer.DependencyHarmonizer;org.apache.maven.multiproject.harmonizer.MultiDependency
org.apache.maven.multiproject.harmonizer.DependencyHarmonizer;org.apache.maven.project.Dependency
org.apache.maven.multiproject.harmonizer.DependencyHarmonizer;org.apache.maven.project.Project
org.apache.maven.multiproject.harmonizer.MultiDependency;org.apache.maven.project.Project
org.apache.maven.perforcelib.PerforceChangeLogFactory;org.apache.maven.changelog.ChangeLogFactory
org.apache.maven.perforcelib.PerforceChangeLogFactory;org.apache.maven.changelog.ChangeLogGenerator
org.apache.maven.perforcelib.PerforceChangeLogFactory;org.apache.maven.changelog.ChangeLogParser
org.apache.maven.perforcelib.PerforceChangeLogFactory;org.apache.maven.perforcelib.PerforceChangeLogGenerator
org.apache.maven.perforcelib.PerforceChangeLogFactory;org.apache.maven.perforcelib.PerforceChangeLogParser
org.apache.maven.perforcelib.PerforceChangeLogGenerator;org.apache.maven.changelog.AbstractChangeLogGenerator
org.apache.maven.perforcelib.PerforceChangeLogParser;org.apache.maven.changelog.ChangeLog
org.apache.maven.perforcelib.PerforceChangeLogParser;org.apache.maven.changelog.ChangeLogEntry
org.apache.maven.perforcelib.PerforceChangeLogParser;org.apache.maven.changelog.ChangeLogFile
org.apache.maven.perforcelib.PerforceChangeLogParser;org.apache.maven.changelog.ChangeLogParser
org.apache.maven.plugin.GoalToJellyScriptHousingMapper;org.apache.maven.plugin.JellyScriptHousing
org.apache.maven.plugin.GoalToJellyScriptHousingMapper;org.apache.maven.plugin.PluginDefinitionHandler
org.apache.maven.plugin.GoalToJellyScriptHousingMapper;org.apache.maven.util.InsertionOrderedSet
org.apache.maven.plugin.JellyScriptHousing;org.apache.maven.MavenException
org.apache.maven.plugin.JellyScriptHousing;org.apache.maven.MavenUtils
org.apache.maven.plugin.JellyScriptHousing;org.apache.maven.jelly.MavenJellyContext
org.apache.maven.plugin.JellyScriptHousing;org.apache.maven.plugin.PluginDefinitionHandler
org.apache.maven.plugin.JellyScriptHousing;org.apache.maven.plugin.PluginScriptParser
org.apache.maven.plugin.JellyScriptHousing;org.apache.maven.project.Project
org.apache.maven.plugin.PluginCacheManager;org.apache.maven.MavenException
org.apache.maven.plugin.PluginCacheManager;org.apache.maven.plugin.GoalToJellyScriptHousingMapper
org.apache.maven.plugin.PluginCacheManager;org.apache.maven.plugin.JellyScriptHousing
org.apache.maven.plugin.PluginCacheManager;org.apache.maven.plugin.PluginDefinitionHandler
org.apache.maven.plugin.PluginCacheManager;org.apache.maven.plugin.PluginManager
org.apache.maven.plugin.PluginCacheManager;org.apache.maven.project.Project
org.apache.maven.plugin.PluginDefinitionHandler;org.apache.maven.plugin.JellyScriptHousing
org.apache.maven.plugin.PluginManager;org.apache.maven.AbstractMavenComponent
org.apache.maven.plugin.PluginManager;org.apache.maven.AntProjectBuilder
org.apache.maven.plugin.PluginManager;org.apache.maven.MavenException
org.apache.maven.plugin.PluginManager;org.apache.maven.MavenSession
org.apache.maven.plugin.PluginManager;org.apache.maven.MavenUtils
org.apache.maven.plugin.PluginManager;org.apache.maven.UnknownGoalException
org.apache.maven.plugin.PluginManager;org.apache.maven.jelly.JellyUtils
org.apache.maven.plugin.PluginManager;org.apache.maven.jelly.MavenJellyContext
org.apache.maven.plugin.PluginManager;org.apache.maven.plugin.GoalToJellyScriptHousingMapper
org.apache.maven.plugin.PluginManager;org.apache.maven.plugin.JellyScriptHousing
org.apache.maven.plugin.PluginManager;org.apache.maven.plugin.PluginCacheManager
org.apache.maven.plugin.PluginManager;org.apache.maven.plugin.PluginDefinitionHandler
org.apache.maven.plugin.PluginManager;org.apache.maven.plugin.UnknownPluginException
org.apache.maven.plugin.PluginManager;org.apache.maven.project.BaseObject
org.apache.maven.plugin.PluginManager;org.apache.maven.project.Dependency
org.apache.maven.plugin.PluginManager;org.apache.maven.project.Project
org.apache.maven.plugin.PluginManager;org.apache.maven.repository.Artifact
org.apache.maven.plugin.PluginManager;org.apache.maven.util.Expand
org.apache.maven.plugin.PluginScriptParser;org.apache.maven.MavenException
org.apache.maven.plugin.PluginScriptParser;org.apache.maven.plugin.JellyScriptHousing
org.apache.maven.plugin.PluginScriptParser;org.apache.maven.plugin.PluginDefinitionHandler
org.apache.maven.plugin.UnknownPluginException;org.apache.maven.MavenException
org.apache.maven.project.BaseObject;org.apache.maven.util.StringTool
org.apache.maven.project.Branch;org.apache.maven.project.BaseObject
org.apache.maven.project.Branch;org.apache.maven.util.StringTool
org.apache.maven.project.Build;org.apache.maven.MavenUtils
org.apache.maven.project.Build;org.apache.maven.project.BaseObject
org.apache.maven.project.Build;org.apache.maven.project.Resource
org.apache.maven.project.Build;org.apache.maven.project.SourceModification
org.apache.maven.project.Build;org.apache.maven.project.UnitTest
org.apache.maven.project.Build;org.apache.maven.util.StringTool
org.apache.maven.project.Contributor;org.apache.maven.project.BaseObject
org.apache.maven.project.Contributor;org.apache.maven.util.StringTool
org.apache.maven.project.Dependency;org.apache.maven.project.ArtifactType
org.apache.maven.project.Dependency;org.apache.maven.project.BaseObject
org.apache.maven.project.Dependency;org.apache.maven.util.StringTool
org.apache.maven.project.Developer;org.apache.maven.project.Contributor
org.apache.maven.project.Jar;org.apache.maven.project.BaseObject
org.apache.maven.project.License;org.apache.maven.project.BaseObject
org.apache.maven.project.MailingList;org.apache.maven.project.BaseObject
org.apache.maven.project.Organization;org.apache.maven.project.BaseObject
org.apache.maven.project.Organization;org.apache.maven.util.StringTool
org.apache.maven.project.PackageGroup;org.apache.maven.project.BaseObject
org.apache.maven.project.Plugin;org.apache.maven.project.BaseObject
org.apache.maven.project.Project;org.apache.maven.ArtifactListBuilder
org.apache.maven.project.Project;org.apache.maven.DependencyClasspathBuilder
org.apache.maven.project.Project;org.apache.maven.MavenSession
org.apache.maven.project.Project;org.apache.maven.MavenUtils
org.apache.maven.project.Project;org.apache.maven.jelly.MavenJellyContext
org.apache.maven.project.Project;org.apache.maven.plugin.PluginManager
org.apache.maven.project.Project;org.apache.maven.project.BaseObject
org.apache.maven.project.Project;org.apache.maven.project.Branch
org.apache.maven.project.Project;org.apache.maven.project.Build
org.apache.maven.project.Project;org.apache.maven.project.Contributor
org.apache.maven.project.Project;org.apache.maven.project.Dependency
org.apache.maven.project.Project;org.apache.maven.project.Developer
org.apache.maven.project.Project;org.apache.maven.project.License
org.apache.maven.project.Project;org.apache.maven.project.MailingList
org.apache.maven.project.Project;org.apache.maven.project.Organization
org.apache.maven.project.Project;org.apache.maven.project.PackageGroup
org.apache.maven.project.Project;org.apache.maven.project.Repository
org.apache.maven.project.Project;org.apache.maven.project.Version
org.apache.maven.project.Project;org.apache.maven.util.StringTool
org.apache.maven.project.Project;org.apache.maven.verifier.ChecksumVerificationException
org.apache.maven.project.Project;org.apache.maven.verifier.DependencyVerifier
org.apache.maven.project.Project;org.apache.maven.verifier.RepoConfigException
org.apache.maven.project.Project;org.apache.maven.verifier.UnsatisfiedDependencyException
org.apache.maven.project.Repository;org.apache.maven.project.BaseObject
org.apache.maven.project.Repository;org.apache.maven.util.EnhancedStringTokenizer
org.apache.maven.project.Repository;org.apache.maven.util.StringTool
org.apache.maven.project.Resource;org.apache.maven.MavenUtils
org.apache.maven.project.Resource;org.apache.maven.project.BaseObject
org.apache.maven.project.Resource;org.apache.maven.util.StringTool
org.apache.maven.project.SourceModification;org.apache.maven.project.Resource
org.apache.maven.project.SourceModification;org.apache.maven.util.StringTool
org.apache.maven.project.UnitTest;org.apache.maven.project.BaseObject
org.apache.maven.project.UnitTest;org.apache.maven.project.Resource
org.apache.maven.project.UnitTest;org.apache.maven.util.StringTool
org.apache.maven.project.Version;org.apache.maven.project.BaseObject
org.apache.maven.project.Version;org.apache.maven.util.StringTool
org.apache.maven.release.AbstractPomTransformer;org.apache.maven.release.PomTransformer
org.apache.maven.release.AbstractPomTransformer;org.apache.maven.release.Transformation
org.apache.maven.release.SnapshotResolver;org.apache.maven.jelly.MavenJellyContext
org.apache.maven.release.SnapshotResolver;org.apache.maven.project.Project
org.apache.maven.release.SnapshotResolver;org.apache.maven.release.AbstractPomTransformer
org.apache.maven.release.SnapshotResolver;org.apache.maven.util.HttpUtils
org.apache.maven.release.SnapshotVersionTransformer;org.apache.maven.release.AbstractPomTransformer
org.apache.maven.release.Transformation;org.apache.maven.release.PomTransformer
org.apache.maven.release.VersionTransformer;org.apache.maven.release.AbstractPomTransformer
org.apache.maven.release.jelly.ResolveSnapshotsTag;org.apache.maven.jelly.MavenJellyContext
org.apache.maven.release.jelly.ResolveSnapshotsTag;org.apache.maven.project.Project
org.apache.maven.release.jelly.ResolveSnapshotsTag;org.apache.maven.release.AbstractPomTransformer
org.apache.maven.release.jelly.ResolveSnapshotsTag;org.apache.maven.release.SnapshotResolver
org.apache.maven.release.jelly.ResolveSnapshotsTag;org.apache.maven.release.jelly.AbstractTransformerTag
org.apache.maven.release.jelly.SnapshotVersionTransformerTag;org.apache.maven.jelly.MavenJellyContext
org.apache.maven.release.jelly.SnapshotVersionTransformerTag;org.apache.maven.project.Project
org.apache.maven.release.jelly.SnapshotVersionTransformerTag;org.apache.maven.release.AbstractPomTransformer
org.apache.maven.release.jelly.SnapshotVersionTransformerTag;org.apache.maven.release.SnapshotVersionTransformer
org.apache.maven.release.jelly.SnapshotVersionTransformerTag;org.apache.maven.release.jelly.AbstractTransformerTag
org.apache.maven.release.jelly.VersionTransformerTag;org.apache.maven.jelly.MavenJellyContext
org.apache.maven.release.jelly.VersionTransformerTag;org.apache.maven.project.Project
org.apache.maven.release.jelly.VersionTransformerTag;org.apache.maven.release.AbstractPomTransformer
org.apache.maven.release.jelly.VersionTransformerTag;org.apache.maven.release.VersionTransformer
org.apache.maven.release.jelly.VersionTransformerTag;org.apache.maven.release.jelly.AbstractTransformerTag
org.apache.maven.repository.AbstractArtifact;org.apache.maven.MavenUtils
org.apache.maven.repository.AbstractArtifact;org.apache.maven.project.Dependency
org.apache.maven.repository.AbstractArtifact;org.apache.maven.repository.Artifact
org.apache.maven.repository.AbstractArtifact;org.apache.maven.util.MD5Sum
org.apache.maven.repository.AbstractArtifact;org.apache.maven.verifier.ChecksumVerificationException
org.apache.maven.repository.Artifact;org.apache.maven.project.Dependency
org.apache.maven.repository.Artifact;org.apache.maven.verifier.ChecksumVerificationException
org.apache.maven.repository.ArtifactTypeHandler;org.apache.maven.MavenException
org.apache.maven.repository.ArtifactTypeHandler;org.apache.maven.project.Project
org.apache.maven.repository.DefaultArtifactFactory;org.apache.maven.project.Dependency
org.apache.maven.repository.DefaultArtifactFactory;org.apache.maven.repository.Artifact
org.apache.maven.repository.DefaultArtifactFactory;org.apache.maven.repository.GenericArtifact
org.apache.maven.repository.DefaultArtifactTypeHandler;org.apache.maven.project.Project
org.apache.maven.repository.DefaultArtifactTypeHandler;org.apache.maven.repository.ArtifactTypeHandler
org.apache.maven.repository.DefaultRepositoryLayout;org.apache.maven.repository.RepositoryLayout
org.apache.maven.repository.GenericArtifact;org.apache.maven.project.Dependency
org.apache.maven.repository.GenericArtifact;org.apache.maven.repository.AbstractArtifact
org.apache.maven.repository.PluginArtifact;org.apache.maven.project.Dependency
org.apache.maven.repository.PluginArtifact;org.apache.maven.repository.AbstractArtifact
org.apache.maven.simian.Duplication;org.apache.maven.simian.DuplicationArea
org.apache.maven.simian.Duplication;org.apache.maven.simian.DuplicationArea[]
org.apache.maven.simian.SimianLog;org.apache.maven.simian.Duplication
org.apache.maven.simian.SimianLog;org.apache.maven.simian.DuplicationArea
org.apache.maven.simian.SimianLog;org.apache.maven.simian.Duplication[]
org.apache.maven.starteamlib.StarteamChangeLogFactory;org.apache.maven.changelog.ChangeLogFactory
org.apache.maven.starteamlib.StarteamChangeLogFactory;org.apache.maven.changelog.ChangeLogGenerator
org.apache.maven.starteamlib.StarteamChangeLogFactory;org.apache.maven.changelog.ChangeLogParser
org.apache.maven.starteamlib.StarteamChangeLogFactory;org.apache.maven.starteamlib.StarteamChangeLogGenerator
org.apache.maven.starteamlib.StarteamChangeLogFactory;org.apache.maven.starteamlib.StarteamChangeLogParser
org.apache.maven.starteamlib.StarteamChangeLogGenerator;org.apache.maven.changelog.AbstractChangeLogGenerator
org.apache.maven.starteamlib.StarteamChangeLogGenerator;org.apache.maven.changelog.ChangeLog
org.apache.maven.starteamlib.StarteamChangeLogParser;org.apache.maven.changelog.ChangeLog
org.apache.maven.starteamlib.StarteamChangeLogParser;org.apache.maven.changelog.ChangeLogEntry
org.apache.maven.starteamlib.StarteamChangeLogParser;org.apache.maven.changelog.ChangeLogFile
org.apache.maven.starteamlib.StarteamChangeLogParser;org.apache.maven.changelog.ChangeLogParser
org.apache.maven.struts.Action;org.apache.maven.struts.ConfigurationEntry
org.apache.maven.struts.Action;org.apache.maven.struts.ObjectConfigurationEntry
org.apache.maven.struts.FormBean;org.apache.maven.struts.ObjectConfigurationEntry
org.apache.maven.struts.Forward;org.apache.maven.struts.ConfigurationEntry
org.apache.maven.struts.ObjectConfigurationEntry;org.apache.maven.struts.ConfigurationEntry
org.apache.maven.struts.Struts10WarFile;org.apache.maven.j2ee.WarFile
org.apache.maven.struts.Struts10WarFile;org.apache.maven.struts.Action
org.apache.maven.struts.Struts10WarFile;org.apache.maven.struts.ConfigurationEntry
org.apache.maven.struts.Struts10WarFile;org.apache.maven.struts.FormBean
org.apache.maven.struts.Struts10WarFile;org.apache.maven.struts.Forward
org.apache.maven.struts.Struts10WarFile;org.apache.maven.struts.ObjectConfigurationEntry
org.apache.maven.struts.Struts10WarFile;org.apache.maven.struts.StrutsEntityResolver
org.apache.maven.struts.Struts10WarValidator;org.apache.maven.j2ee.WarClassLoader
org.apache.maven.struts.Struts10WarValidator;org.apache.maven.j2ee.WarFile
org.apache.maven.struts.Struts10WarValidator;org.apache.maven.j2ee.WarValidator
org.apache.maven.struts.Struts10WarValidator;org.apache.maven.struts.Action
org.apache.maven.struts.Struts10WarValidator;org.apache.maven.struts.ConfigurationEntry
org.apache.maven.struts.Struts10WarValidator;org.apache.maven.struts.FormBean
org.apache.maven.struts.Struts10WarValidator;org.apache.maven.struts.Forward
org.apache.maven.struts.Struts10WarValidator;org.apache.maven.struts.ObjectConfigurationEntry
org.apache.maven.struts.Struts10WarValidator;org.apache.maven.struts.Struts10WarFile
org.apache.maven.struts.StrutsEntityResolver;org.apache.maven.j2ee.J2EEEntityResolver
org.apache.maven.svnlib.SvnChangeLogFactory;org.apache.maven.changelog.ChangeLogFactory
org.apache.maven.svnlib.SvnChangeLogFactory;org.apache.maven.changelog.ChangeLogGenerator
org.apache.maven.svnlib.SvnChangeLogFactory;org.apache.maven.changelog.ChangeLogParser
org.apache.maven.svnlib.SvnChangeLogFactory;org.apache.maven.svnlib.SvnChangeLogGenerator
org.apache.maven.svnlib.SvnChangeLogFactory;org.apache.maven.svnlib.SvnChangeLogParser
org.apache.maven.svnlib.SvnChangeLogGenerator;org.apache.maven.changelog.AbstractChangeLogGenerator
org.apache.maven.svnlib.SvnChangeLogParser;org.apache.maven.changelog.ChangeLog
org.apache.maven.svnlib.SvnChangeLogParser;org.apache.maven.changelog.ChangeLogEntry
org.apache.maven.svnlib.SvnChangeLogParser;org.apache.maven.changelog.ChangeLogFile
org.apache.maven.svnlib.SvnChangeLogParser;org.apache.maven.changelog.ChangeLogParser
org.apache.maven.util.HttpUtils;org.apache.maven.util.Base64
org.apache.maven.util.HttpUtils;org.apache.maven.util.HttpUtils$1
org.apache.maven.util.InsertionOrderedSet;org.apache.maven.util.InsertionOrderedSet$1
org.apache.maven.util.InsertionOrderedSet;org.apache.maven.util.InsertionOrderedSet$InsertionOrderedSetIterator
org.apache.maven.util.InsertionOrderedSet$InsertionOrderedSetIterator;org.apache.maven.util.InsertionOrderedSet
org.apache.maven.util.InsertionOrderedSet$InsertionOrderedSetIterator;org.apache.maven.util.InsertionOrderedSet$1
org.apache.maven.util.MavenTool;org.apache.maven.project.Project
org.apache.maven.verifier.ChecksumVerificationException;org.apache.maven.MavenException
org.apache.maven.verifier.DependencyVerifier;org.apache.maven.AbstractMavenComponent
org.apache.maven.verifier.DependencyVerifier;org.apache.maven.jelly.MavenJellyContext
org.apache.maven.verifier.DependencyVerifier;org.apache.maven.project.Dependency
org.apache.maven.verifier.DependencyVerifier;org.apache.maven.project.Project
org.apache.maven.verifier.DependencyVerifier;org.apache.maven.repository.Artifact
org.apache.maven.verifier.DependencyVerifier;org.apache.maven.util.HttpUtils
org.apache.maven.verifier.DependencyVerifier;org.apache.maven.verifier.ChecksumVerificationException
org.apache.maven.verifier.DependencyVerifier;org.apache.maven.verifier.LocalSettingsVerifier
org.apache.maven.verifier.DependencyVerifier;org.apache.maven.verifier.RepoConfigException
org.apache.maven.verifier.DependencyVerifier;org.apache.maven.verifier.UnsatisfiedDependencyException
org.apache.maven.verifier.LocalSettingsVerifier;org.apache.maven.AbstractMavenComponent
org.apache.maven.verifier.LocalSettingsVerifier;org.apache.maven.jelly.MavenJellyContext
org.apache.maven.verifier.LocalSettingsVerifier;org.apache.maven.project.Project
org.apache.maven.verifier.LocalSettingsVerifier;org.apache.maven.verifier.RepoConfigException
org.apache.maven.verifier.RepoConfigException;org.apache.maven.MavenException
org.apache.maven.verifier.UnsatisfiedDependencyException;org.apache.maven.MavenException
