net.myvietnam.mvnplugin.mvnforum;net.myvietnam.mvnplugin.mvnforum.auth
net.myvietnam.mvnplugin.mvnforum;net.myvietnam.mvnplugin.mvnforum.db
net.myvietnam.mvnplugin.mvnforum.admin;net.myvietnam.mvnplugin.mvnforum
net.myvietnam.mvnplugin.mvnforum.admin;net.myvietnam.mvnplugin.mvnforum.auth
net.myvietnam.mvnplugin.mvnforum.admin;net.myvietnam.mvnplugin.mvnforum.common
net.myvietnam.mvnplugin.mvnforum.admin;net.myvietnam.mvnplugin.mvnforum.db
net.myvietnam.mvnplugin.mvnforum.admin;net.myvietnam.mvnplugin.mvnforum.search
net.myvietnam.mvnplugin.mvnforum.auth;net.myvietnam.mvnplugin.mvnforum
net.myvietnam.mvnplugin.mvnforum.auth;net.myvietnam.mvnplugin.mvnforum.db
net.myvietnam.mvnplugin.mvnforum.common;net.myvietnam.mvnplugin.mvnforum
net.myvietnam.mvnplugin.mvnforum.common;net.myvietnam.mvnplugin.mvnforum.auth
net.myvietnam.mvnplugin.mvnforum.db;net.myvietnam.mvnplugin.mvnforum
net.myvietnam.mvnplugin.mvnforum.search;net.myvietnam.mvnplugin.mvnforum
net.myvietnam.mvnplugin.mvnforum.search;net.myvietnam.mvnplugin.mvnforum.db
net.myvietnam.mvnplugin.mvnforum.user;net.myvietnam.mvnplugin.mvnforum
net.myvietnam.mvnplugin.mvnforum.user;net.myvietnam.mvnplugin.mvnforum.auth
net.myvietnam.mvnplugin.mvnforum.user;net.myvietnam.mvnplugin.mvnforum.common
net.myvietnam.mvnplugin.mvnforum.user;net.myvietnam.mvnplugin.mvnforum.db
net.myvietnam.mvnplugin.mvnforum.user;net.myvietnam.mvnplugin.mvnforum.search
